OrderID,CustomerID,OrderDate,ProductID,Quantity,PaymentMethod,OrderStatus,TotalAmount,OrderMonth,OrderYear,Region,DiscountApplied,ProfitMargin,SentimentScore,NetAmount
O000320,C00210,2023-09-21,P00110,1,PayPal,Delivered,72.03,September,2023.0,South America,0.3,18.01,0.21,50.42
O000737,C00044,2023-06-14,P00116,3,Credit Card,Shipped,877.95,June,2023.0,Asia-Pacific,0.25,219.49,0.9,658.46
O000805,C00072,2021-01-14,P00087,4,PayPal,In Transit,336.16,January,2021.0,Europe,0.04,84.04,0.36,322.71
O000176,C00122,2023-10-19,P00019,3,Wire Transfer,Delivered,987.44,October,2023.0,North America,0.28,246.86,0.17,710.96
O000084,C00264,2019-04-12,P00089,3,Credit Card,Shipped,755.19,April,2019.0,Asia-Pacific,0.26,188.8,0.05,558.84
O000233,C00260,2025-06-15,P00088,2,Cod,Returned,314.24,June,2025.0,Europe,0.16,78.56,0.18,263.96
O000595,C00195,2020-01-28,P00043,2,Cod,In Transit,40184.0,January,2020.0,Europe,0.18,10046.0,0.14,32950.88
O000049,C00102,2023-05-18,P00100,3,Cod,Delivered,375.78,May,2023.0,Asia-Pacific,0.12,93.94,0.37,330.69
O000631,C00043,2023-02-20,P00112,4,PayPal,Cancelled,1273.68,February,2023.0,Asia-Pacific,0.02,318.42,0.36,1248.21
O000523,C00155,2023-11-14,P00120,2,PayPal,Delivered,367.43,November,2023.0,Asia-Pacific,0.1,91.86,0.3,330.69
O000262,,2022-11-14,P00039,5,PayPal,Pending,79.6,November,2022.0,,0.24,19.9,0.47,60.5
O000639,C00188,2024-07-06,P00112,3,Wire Transfer,Delivered,955.26,July,2024.0,Asia-Pacific,0.0,238.82,0.78,955.26
O000408,C00125,2023-10-31,P00027,3,Wire Transfer,Shipped,300.15,October,2023.0,Asia-Pacific,0.1,75.04,0.68,270.14
O000781,C00084,2021-02-13,P00005,1,Credit Card,Pending,328.13,February,2021.0,Asia-Pacific,0.12,82.03,-0.29,288.75
O000451,C00062,2025-07-06,P00104,4,Credit Card,Pending,1644.18,July,2025.0,Asia-Pacific,0.16,411.04,-0.72,1381.11
O000447,C00276,2020-07-24,P99999,3,Credit Card,Delivered,,July,2020.0,Europe,0.28,0.0,0.67,
O000146,C00183,2025-02-14,P00090,3,Wire Transfer,Returned,902.52,February,2025.0,Asia-Pacific,0.1,225.63,-0.25,812.27
O000811,C00015,2024-04-09,P00083,3,PayPal,Returned,753.33,April,2024.0,Asia-Pacific,0.1,188.33,0.21,678.0
O000248,C00106,2021-11-07,P00016,2,Credit Card,Cancelled,863.26,November,2021.0,Asia-Pacific,0.22,215.82,-0.17,673.34
O000093,C00184,2023-07-26,P00018,2,Credit Card,Returned,439.92,July,2023.0,Asia-Pacific,0.14,109.98,-0.42,378.33
O000810,C00078,2019-11-25,P00067,5,Credit Card,Pending,1102.4,November,2019.0,Asia-Pacific,0.07,275.6,0.52,1025.23
O000429,C00271,2025-07-25,P00102,1,Cod,In Transit,316.6,July,2025.0,Asia-Pacific,0.14,79.15,0.6,272.28
O000576,C00087,2020-04-27,P00056,1,Credit Card,Delivered,478.86,April,2020.0,Europe,0.04,119.72,0.07,459.71
O000359,C00274,2023-08-08,P00057,4,Credit Card,In Transit,552.68,August,2023.0,Europe,0.05,138.17,-0.74,525.05
O000264,C00273,2023-04-02,P00074,3,PayPal,Cancelled,406.47,April,2023.0,North America,0.15,101.62,0.08,345.5
O000127,C00290,2024-05-02,P00036,5,PayPal,In Transit,1058.75,May,2024.0,Asia-Pacific,0.13,264.69,0.46,921.11
O000537,C00233,2019-12-14,P00050,4,Credit Card,Pending,405.76,December,2019.0,Asia-Pacific,0.27,101.44,-0.29,296.2
O000757,C00135,2025-05-15,P00042,2,PayPal,Delivered,347.56,May,2025.0,Asia-Pacific,0.11,86.89,0.37,309.33
O000361,C00150,2022-03-06,P00077,1,Credit Card,Shipped,523.4,March,2022.0,Europe,0.17,130.85,0.29,434.42
O000393,C00014,2024-12-25,P00090,1,Credit Card,Delivered,300.84,December,2024.0,Europe,0.19,75.21,0.53,243.68
O000052,C00192,2020-10-11,P00084,5,Credit Card,Shipped,2956.45,October,2020.0,Asia-Pacific,0.0,739.11,0.35,2956.45
O000062,C00264,2019-09-09,P00102,2,Credit Card,Pending,633.2,September,2019.0,Asia-Pacific,0.2,158.3,-0.09,506.56
O000082,C00114,2024-01-17,P00043,3,Credit Card,Returned,60276.0,January,2024.0,North America,0.05,15069.0,0.78,57262.2
O000646,C00200,2024-06-05,P00037,1,Wire Transfer,Cancelled,176.1,June,2024.0,Asia-Pacific,0.29,44.02,0.24,125.03
O000593,C00215,2020-01-05,P00102,5,Wire Transfer,Pending,1583.0,January,2020.0,Asia-Pacific,0.04,395.75,0.29,1519.68
O000029,C00286,2022-06-24,P00034,3,PayPal,Shipped,794.91,June,2022.0,Europe,0.12,198.73,-0.07,699.52
O000270,C00201,2021-01-16,P00076,4,PayPal,Delivered,889.68,January,2021.0,Europe,0.03,222.42,0.12,862.99
O000028,C00045,2023-05-11,P00109,2,Credit Card,Returned,571.88,May,2023.0,North America,0.3,142.97,-0.05,400.32
O000624,C00294,2023-08-01,P00018,5,Wire Transfer,In Transit,1099.8,August,2023.0,Europe,0.15,274.95,0.23,934.83
O000158,C00245,2025-01-06,P00094,4,PayPal,Delivered,418.16,January,2025.0,Asia-Pacific,0.18,104.54,0.98,342.89
O000450,C00030,2024-06-04,P00023,2,Credit Card,Returned,44668.0,June,2024.0,North America,0.02,11167.0,-0.25,43774.64
O000357,C00287,2020-11-11,P00068,2,PayPal,Pending,415.4,November,2020.0,North America,0.22,103.85,-0.35,324.01
O000392,C00203,2019-03-15,P00061,1,Cod,Returned,105.81,March,2019.0,Asia-Pacific,0.06,26.45,0.89,99.46
O000217,C00234,2023-11-17,P00004,3,Cod,Returned,1428.39,November,2023.0,North America,0.27,357.1,0.22,1042.72
O000782,C00290,2021-10-24,P00050,2,PayPal,Pending,202.88,October,2021.0,Asia-Pacific,0.06,50.72,0.03,190.71
O000145,C00106,2024-08-17,P00045,3,PayPal,Shipped,334.53,August,2024.0,Asia-Pacific,0.06,83.63,0.72,314.46
O000777,C00049,2023-06-20,P99999,5,Wire Transfer,Shipped,,June,2023.0,Asia-Pacific,0.01,0.0,0.06,
O000585,C00158,2020-03-04,P00103,1,PayPal,Returned,92.69,March,2020.0,Asia-Pacific,0.14,23.17,1.0,79.71
O000764,C00164,2022-08-05,P00067,5,Credit Card,Returned,1102.4,August,2022.0,Asia-Pacific,0.17,275.6,0.57,914.99
O000280,C00164,2019-07-28,P00050,2,PayPal,In Transit,202.88,July,2019.0,Asia-Pacific,0.02,50.72,0.1,198.82
O000119,C00286,2020-02-22,P00001,3,Cod,Returned,516.12,February,2020.0,Europe,0.23,129.03,1.0,397.41
O000428,C00048,2024-08-18,P00040,2,Credit Card,Returned,1131.24,August,2024.0,Asia-Pacific,0.14,282.81,0.06,972.87
O000156,,2019-04-20,P00072,4,Wire Transfer,Cancelled,1551.96,April,2019.0,,0.16,387.99,0.6,1303.65
O000620,C00146,2021-04-30,P00078,3,Wire Transfer,In Transit,466.17,April,2021.0,South America,0.13,116.54,0.42,405.57
O000086,C00084,2019-03-18,P00076,2,Credit Card,Returned,444.84,March,2019.0,Asia-Pacific,0.12,111.21,0.82,391.46
O000329,C00226,2022-01-10,P00036,5,Wire Transfer,Pending,1058.75,January,2022.0,Asia-Pacific,0.17,264.69,0.92,878.76
O000793,C00262,2023-06-22,P00103,2,PayPal,Cancelled,185.38,June,2023.0,Asia-Pacific,0.05,46.34,0.31,176.11
O000842,C00224,2022-07-10,P00072,2,Credit Card,Shipped,775.98,July,2022.0,South America,0.05,194.0,-0.0,737.18
O000202,C00125,,P00069,2,Cod,Pending,233.4,,,Asia-Pacific,0.26,58.35,0.48,172.72
O000059,C00156,2019-12-16,P00006,4,Wire Transfer,Cancelled,544.04,December,2019.0,Asia-Pacific,0.28,136.01,0.03,391.71
O000469,C00061,2020-05-27,P00069,2,Credit Card,Delivered,233.4,May,2020.0,Asia-Pacific,0.11,58.35,1.0,207.73
O000611,C00025,2023-06-30,P00007,3,PayPal,Shipped,1106.88,June,2023.0,South America,0.08,276.72,0.35,1018.33
O000294,C00210,2020-12-01,P00097,3,Credit Card,Delivered,1009.02,December,2020.0,South America,0.19,252.26,0.15,817.31
O000195,C00019,2020-05-24,P00023,2,Cod,Returned,44668.0,May,2020.0,North America,0.12,11167.0,0.37,39307.84
O000826,C00224,2023-01-06,P00010,4,Wire Transfer,Delivered,1785.8,January,2023.0,South America,0.01,446.45,-0.24,1767.94
O000247,C00187,2023-09-25,P00094,4,PayPal,Delivered,418.16,September,2023.0,Europe,0.05,104.54,-0.09,397.25
O000011,C00100,2024-01-22,P00099,4,Credit Card,Pending,186.96,January,2024.0,Europe,0.21,46.74,0.78,147.7
O000525,C00123,2022-04-11,P00008,4,Credit Card,In Transit,559.84,April,2022.0,Europe,0.2,139.96,0.04,447.87
O000104,C00199,2020-05-20,P00084,5,Wire Transfer,Returned,2956.45,May,2020.0,Europe,0.01,739.11,-0.12,2926.89
O000066,C00097,2021-03-19,P00068,5,Wire Transfer,Returned,1038.5,March,2021.0,North America,0.07,259.62,0.51,965.8
O000239,C00151,2024-06-06,P00002,3,Credit Card,Delivered,1308.12,June,2024.0,Asia-Pacific,0.07,327.03,0.77,1216.55
O000466,C00244,2020-06-14,P00041,1,Cod,Cancelled,30460.0,June,2020.0,Europe,0.2,7615.0,0.59,24368.0
O000031,C00273,2023-02-17,P00091,4,Credit Card,Pending,1332.68,February,2023.0,North America,0.01,333.17,0.7,1319.35
O000074,C00110,2025-08-06,P00020,3,Credit Card,Delivered,570.96,August,2025.0,Europe,0.03,142.74,-0.0,553.83
O000513,C00143,2022-11-23,P00030,3,Cod,Delivered,172.11,November,2022.0,Europe,0.24,43.03,-0.27,130.8
O000100,C00257,2022-11-04,P00105,4,Wire Transfer,Cancelled,1082.52,November,2022.0,South America,0.05,270.63,0.9,1028.39
O000502,C00063,2025-01-11,P00073,5,PayPal,Delivered,1512.4,January,2025.0,Asia-Pacific,0.2,378.1,0.17,1209.92
O000759,C00225,2020-09-01,P00027,5,Credit Card,Shipped,500.25,September,2020.0,Europe,0.07,125.06,0.2,465.23
O000092,C00073,2021-08-26,P00104,4,Credit Card,Returned,1414.72,August,2021.0,North America,0.03,353.68,0.83,1372.28
O000524,C00095,2025-07-19,P00051,5,PayPal,Delivered,1541.3,July,2025.0,South America,0.07,385.32,0.52,1433.41
O000198,C00274,2020-08-26,P00016,2,Credit Card,Shipped,863.26,August,2020.0,Europe,0.22,215.82,0.48,673.34
O000382,C00056,2021-03-21,P00037,3,Cod,Shipped,528.3,March,2021.0,North America,0.26,132.07,1.0,390.94
O000667,C00142,2021-03-27,P00034,4,Wire Transfer,Shipped,1059.88,March,2021.0,Asia-Pacific,0.25,264.97,0.04,794.91
O000410,C00011,2023-11-11,P00117,2,Credit Card,Cancelled,494.46,November,2023.0,Asia-Pacific,0.12,123.62,0.67,435.12
O000803,C00249,2021-10-18,P00047,2,Cod,Shipped,408.24,October,2021.0,Europe,0.2,102.06,0.32,326.59
O000488,C00272,2021-11-22,P00046,4,PayPal,Cancelled,805.52,November,2021.0,Europe,0.06,201.38,0.41,757.19
O000324,C00262,2019-02-24,P00055,1,Credit Card,Delivered,42079.0,February,2019.0,Asia-Pacific,0.09,10519.75,0.91,38291.89
O000625,C00081,2022-07-25,P00114,2,Cod,Delivered,888.78,July,2022.0,Asia-Pacific,0.27,222.2,0.5,648.81
O000683,C00297,2021-01-13,P00024,1,PayPal,In Transit,19.78,January,2021.0,Asia-Pacific,0.0,4.94,0.52,19.78
O000557,C00014,2021-11-09,P00110,2,Credit Card,Delivered,144.06,November,2021.0,Europe,0.03,36.02,0.73,139.74
O000662,C00283,2020-10-05,P00106,4,PayPal,Returned,9.08,October,2020.0,Europe,0.06,2.27,0.15,8.54
O000836,C00214,2023-09-05,P00060,2,Wire Transfer,Delivered,394.86,September,2023.0,North America,0.01,98.72,-0.04,390.91
O000553,C00089,2024-11-17,P00006,3,Cod,Delivered,408.03,November,2024.0,Europe,0.05,102.01,-0.12,387.63
O000808,C00006,2021-11-01,P00088,5,Credit Card,Delivered,785.6,November,2021.0,Europe,0.17,196.4,-0.49,652.05
O000529,C00267,2025-04-22,P00062,3,Cod,Returned,621.18,April,2025.0,Europe,0.13,155.29,1.0,540.43
O000734,C00092,2024-06-11,P00028,3,PayPal,Delivered,871.83,June,2024.0,Asia-Pacific,0.27,217.96,-0.14,636.44
O000515,C00297,2024-09-14,P00018,1,Credit Card,Cancelled,193.1,September,2024.0,Asia-Pacific,0.25,48.28,0.21,144.82
O000337,C00162,2022-04-06,P00095,4,Credit Card,Returned,1113.44,April,2022.0,North America,0.1,278.36,0.19,1002.1
O000841,C00080,2019-01-13,P00077,4,Credit Card,Delivered,2093.6,January,2019.0,Europe,0.08,523.4,0.42,1926.11
O000212,C00075,2023-08-20,P00033,3,Credit Card,In Transit,681.24,August,2023.0,Europe,0.11,170.31,0.63,606.3
O000137,C00102,2020-08-31,P00038,3,PayPal,Delivered,373.05,August,2020.0,Asia-Pacific,0.18,93.26,0.64,305.9
O000087,C00029,2025-07-01,P00048,5,Wire Transfer,Returned,1943.45,July,2025.0,Asia-Pacific,0.08,485.86,0.07,1787.97
O000564,C00187,2020-08-08,P00070,4,PayPal,Returned,1616.44,August,2020.0,Europe,0.19,404.11,0.23,1309.32
O000102,C00170,,P00111,1,PayPal,Delivered,293.81,,,North America,0.12,73.45,0.41,258.55
O000792,C00177,2023-07-21,P00012,4,Cod,Returned,538.16,July,2023.0,Asia-Pacific,0.17,134.54,0.2,446.67
O000655,C00017,2023-12-19,P00100,5,Cod,Pending,626.3,December,2023.0,Asia-Pacific,0.13,156.57,0.94,544.88
O000207,C00093,,P00072,3,Credit Card,Pending,1163.97,,,Asia-Pacific,0.09,290.99,0.5,1059.21
O000193,C00089,2024-04-06,P00070,1,Credit Card,In Transit,404.11,April,2024.0,Europe,0.28,101.03,0.59,290.96
O000769,C00094,2024-09-13,P00034,3,PayPal,Pending,794.91,September,2024.0,South America,0.23,198.73,0.57,612.08
O000890,C00055,2024-07-01,P00041,4,Credit Card,Delivered,121840.0,July,2024.0,Europe,0.04,30460.0,0.77,116966.4
O000708,C00213,2019-04-15,P00007,2,Cod,Shipped,737.92,April,2019.0,Asia-Pacific,0.26,184.48,0.37,546.06
O000587,C00220,2024-02-13,P00091,4,Cod,Cancelled,1332.68,February,2024.0,North America,0.15,333.17,-0.22,1132.78
O000736,C00128,2020-01-18,P00108,4,Wire Transfer,Delivered,534.28,January,2020.0,Asia-Pacific,0.27,133.57,0.46,390.02
O000244,C00074,2022-05-16,P00017,3,PayPal,Delivered,-480.36,May,2022.0,North America,0.24,-120.09,0.04,-365.07
O000891,C00103,2021-10-02,P00078,1,Cod,Returned,155.39,October,2021.0,North America,0.13,38.85,0.09,135.19
O000458,C00027,2021-02-17,P00074,4,Credit Card,In Transit,541.96,February,2021.0,Europe,0.01,135.49,0.53,536.54
O000738,C00292,2019-06-17,P00055,3,Credit Card,Delivered,126237.0,June,2019.0,Asia-Pacific,0.08,31559.25,0.8,116138.04
O000081,C00216,2022-10-15,P00010,5,PayPal,Delivered,2232.25,October,2022.0,Europe,0.16,558.06,0.31,1875.09
O000796,C00262,2020-10-03,P00018,4,PayPal,Delivered,671.57,October,2020.0,Asia-Pacific,0.19,167.89,0.42,543.97
O000699,C00049,2022-08-15,P00094,5,PayPal,Shipped,522.7,August,2022.0,Asia-Pacific,0.08,130.68,0.98,480.88
O000724,C00196,2023-09-15,P00079,3,Credit Card,Pending,818.79,September,2023.0,Europe,0.04,204.7,0.4,786.04
O000190,C00183,2023-03-28,P00019,5,Credit Card,Returned,1570.55,March,2023.0,Asia-Pacific,0.25,392.64,1.0,1177.91
O000122,C00288,2025-06-05,P00083,3,Cod,Delivered,753.33,June,2025.0,Europe,0.3,188.33,0.53,527.33
O000828,C00014,2024-03-17,P00012,4,Cod,Pending,538.16,March,2024.0,Europe,0.16,134.54,-0.4,452.05
O000543,C00106,2025-04-16,P00030,4,Credit Card,Cancelled,229.48,April,2025.0,Asia-Pacific,0.05,57.37,0.6,218.01
O000701,C00014,2020-03-07,P00061,3,Wire Transfer,Delivered,317.43,March,2020.0,Europe,0.08,79.36,0.45,292.04
O000746,C00086,2022-11-24,P00076,1,PayPal,In Transit,222.42,November,2022.0,North America,0.01,55.6,0.82,220.2
O000178,C00109,2022-05-20,P00057,1,PayPal,Delivered,138.17,May,2022.0,Asia-Pacific,0.27,34.54,0.57,100.86
O000867,C00133,2021-02-20,P00053,3,Credit Card,Returned,95.73,February,2021.0,Asia-Pacific,0.04,23.93,0.24,91.9
O000109,C00243,2019-09-24,P00039,2,Credit Card,Returned,31.84,September,2019.0,North America,0.17,7.96,-0.19,26.43
O000607,C00192,2019-03-13,P00092,1,Credit Card,Shipped,146.38,March,2019.0,Asia-Pacific,0.08,36.6,0.22,134.67
O000650,C00118,2025-05-10,P00010,2,PayPal,Cancelled,892.9,May,2025.0,North America,0.17,223.22,-0.04,741.11
O000125,C00022,2019-02-03,P00060,2,Credit Card,Cancelled,394.86,February,2019.0,Europe,0.2,98.72,0.07,315.89
O000165,C00109,2024-07-14,P00044,1,Wire Transfer,Shipped,158.32,July,2024.0,Asia-Pacific,0.25,39.58,0.54,118.74
O000042,C00300,2019-12-19,P00036,4,Cod,Pending,847.0,December,2019.0,Europe,0.06,211.75,0.97,796.18
O000334,C00084,2024-08-18,P00030,5,Cod,Delivered,286.85,August,2024.0,Asia-Pacific,0.0,71.71,0.46,286.85
O000441,C00178,2020-02-01,P00117,1,Credit Card,Delivered,247.23,February,2020.0,North America,0.04,61.81,-0.18,237.34
O000555,C00293,2024-04-03,P00099,5,PayPal,In Transit,233.7,April,2024.0,North America,0.27,58.42,0.48,170.6
O000549,,2023-10-04,P00090,5,Cod,Delivered,1504.2,October,2023.0,,0.26,376.05,0.78,1113.11
O000046,C00293,2019-03-19,P00063,1,Wire Transfer,Returned,121.26,March,2019.0,North America,0.18,30.32,0.06,99.43
O000379,C00212,2019-05-02,P00111,2,PayPal,In Transit,587.62,May,2019.0,South America,0.18,146.9,0.25,481.85
O000240,C00028,2025-01-10,P00070,1,Cod,Delivered,404.11,January,2025.0,Europe,0.2,101.03,0.31,323.29
O000196,C00269,2024-06-24,P00033,1,PayPal,Returned,227.08,June,2024.0,Asia-Pacific,0.05,56.77,-0.01,215.73
O000387,C00188,2023-03-03,P00031,1,Credit Card,In Transit,322.34,March,2023.0,Asia-Pacific,0.27,80.58,0.56,235.31
O000874,C00234,2023-02-13,P00101,2,Wire Transfer,In Transit,341.22,February,2023.0,North America,0.13,85.3,0.25,296.86
O000706,C00249,2024-10-08,P00081,2,Wire Transfer,In Transit,519.7,October,2024.0,Europe,0.11,129.93,0.47,462.53
O000465,C00242,2019-05-25,P00083,4,Credit Card,Shipped,1004.44,May,2019.0,Europe,0.16,251.11,-0.05,843.73
O000291,C00044,2024-10-04,P00035,5,Cod,Returned,1247.9,October,2024.0,Asia-Pacific,0.01,311.98,0.13,1235.42
O000386,C00077,2023-06-20,P00116,3,Cod,Delivered,877.95,June,2023.0,Europe,0.05,219.49,0.59,834.05
O000271,C00276,,P00039,2,Credit Card,Cancelled,31.84,,,Europe,0.22,7.96,0.15,24.84
O000372,C00208,2021-09-08,P00046,2,Credit Card,Cancelled,402.76,September,2021.0,Asia-Pacific,0.02,100.69,0.99,394.7
O000888,C00093,2025-08-27,P00077,1,Cod,In Transit,523.4,August,2025.0,Asia-Pacific,0.18,130.85,0.14,429.19
O000288,C00212,2025-03-04,P00092,5,Wire Transfer,In Transit,731.9,March,2025.0,South America,0.07,182.98,0.39,680.67
O000571,C00018,2020-12-25,P00089,4,Credit Card,Pending,1006.92,December,2020.0,South America,0.12,251.73,0.67,886.09
O000215,C00157,2024-08-28,P00040,1,Wire Transfer,Delivered,565.62,August,2024.0,Europe,0.09,141.4,-0.27,514.71
O000870,C00242,2019-09-17,P00013,1,Cod,Returned,401.5,September,2019.0,Europe,0.11,100.38,-0.4,357.34
O000767,C00221,2019-08-14,P00005,1,Wire Transfer,Delivered,328.13,August,2019.0,Asia-Pacific,0.22,82.03,-0.31,255.94
O000079,C00202,2025-08-12,P00040,3,Wire Transfer,Cancelled,1696.86,August,2025.0,North America,0.09,424.22,0.81,1544.14
O000110,C00174,2024-12-22,P00047,4,Credit Card,Returned,816.48,December,2024.0,Europe,0.17,204.12,0.08,677.68
O000181,C00133,2025-08-03,P00027,1,Credit Card,Shipped,100.05,August,2025.0,Asia-Pacific,0.14,25.01,1.0,86.04
O000144,C00033,2022-01-23,P00065,2,Wire Transfer,Shipped,579.16,January,2022.0,Asia-Pacific,0.2,144.79,0.07,463.33
O000634,C00140,2019-05-13,P00120,5,Cod,Returned,668.0,May,2019.0,Asia-Pacific,0.28,167.0,0.37,480.96
O000855,C00133,2020-09-17,P00041,3,Wire Transfer,Returned,91380.0,September,2020.0,Asia-Pacific,0.22,22845.0,0.92,71276.4
O000815,C00157,2021-08-28,P00021,1,PayPal,Pending,92.7,August,2021.0,Europe,0.06,23.18,1.0,87.14
O000103,C00144,2023-05-28,P00043,1,Credit Card,Pending,20092.0,May,2023.0,North America,0.01,5023.0,1.0,19891.08
O000047,C00071,2022-11-21,P00074,2,Wire Transfer,Cancelled,270.98,November,2022.0,Europe,0.08,67.74,0.78,249.3
O000005,C00120,2023-03-26,P00019,2,Credit Card,Pending,628.22,March,2023.0,Asia-Pacific,0.18,157.06,0.71,515.14
O000315,C00062,2021-01-14,P00094,4,Cod,Delivered,418.16,January,2021.0,Asia-Pacific,0.02,104.54,0.54,409.8
O000124,C00208,2025-07-18,P00024,2,Cod,Returned,39.56,July,2025.0,Asia-Pacific,0.15,9.89,0.61,33.63
O000355,C00096,2022-07-20,P00074,4,Wire Transfer,Pending,541.96,July,2022.0,Asia-Pacific,0.18,135.49,0.08,444.41
O000885,C00175,2020-01-31,P00118,1,Credit Card,Returned,397.8,January,2020.0,Asia-Pacific,0.1,99.45,-0.03,358.02
O000351,C00206,2023-09-16,P00035,3,PayPal,Pending,748.74,September,2023.0,North America,0.23,187.18,0.3,576.53
O000289,C00001,2023-11-22,P00044,5,Credit Card,Delivered,791.6,November,2023.0,Europe,0.03,197.9,0.23,767.85
O000753,C00194,2024-04-27,P00069,1,Wire Transfer,In Transit,116.7,April,2024.0,Asia-Pacific,0.02,29.18,0.12,114.37
O000785,C00267,,P00117,2,PayPal,In Transit,494.46,,,Europe,0.22,123.62,0.58,385.68
O000791,C00203,2022-05-13,P00102,5,PayPal,Returned,1583.0,May,2022.0,Asia-Pacific,0.15,395.75,0.68,1345.55
O000295,C00187,2020-06-28,P00073,2,PayPal,Shipped,562.68,June,2020.0,Europe,0.21,140.67,0.34,444.52
O000138,C00187,2024-04-11,P00040,2,Credit Card,Returned,1131.24,April,2024.0,Europe,0.13,282.81,0.89,984.18
O000401,C00036,2022-04-28,P00005,2,PayPal,Cancelled,656.26,April,2022.0,Asia-Pacific,0.07,164.06,-0.16,610.32
O000531,C00267,2025-06-02,P00085,1,Credit Card,In Transit,193.13,June,2025.0,Europe,0.25,48.28,0.22,144.85
O000112,C00227,2019-06-28,P00043,3,Cod,Delivered,60276.0,June,2019.0,Europe,0.24,15069.0,0.01,45809.76
O000478,C00129,2020-04-12,P00041,3,Wire Transfer,Returned,91380.0,April,2020.0,Asia-Pacific,0.21,22845.0,-0.45,72190.2
O000017,C00211,2021-12-14,P00083,3,Credit Card,In Transit,753.33,December,2021.0,North America,0.08,188.33,0.27,693.06
O000641,C00232,2022-04-07,P00070,5,PayPal,Returned,2020.55,April,2022.0,Europe,0.18,505.14,0.25,1656.85
O000135,C00060,2020-08-14,P00097,2,PayPal,Returned,672.68,August,2020.0,Asia-Pacific,0.11,168.17,0.91,598.69
O000698,C00050,2020-07-04,P00055,1,Wire Transfer,Delivered,42079.0,July,2020.0,Europe,0.03,10519.75,0.55,40816.63
O000348,C00129,2025-02-10,P00090,2,Wire Transfer,Pending,601.68,February,2025.0,Asia-Pacific,0.28,150.42,-0.11,433.21
O000570,C00129,2020-12-12,P00072,5,Credit Card,Pending,1939.95,December,2020.0,Asia-Pacific,0.04,484.99,1.0,1862.35
O000402,C00128,2019-09-04,P00074,4,Cod,Cancelled,541.96,September,2019.0,Asia-Pacific,0.29,135.49,0.79,384.79
O000340,C00277,2022-12-18,P00088,4,Wire Transfer,Delivered,628.48,December,2022.0,South America,0.13,157.12,0.53,546.78
O000147,C00067,2025-10-10,P00036,5,Wire Transfer,Pending,1058.75,October,2025.0,North America,0.06,264.69,0.21,995.22
O000727,C00168,2020-01-24,P00087,3,Credit Card,Returned,252.12,January,2020.0,North America,0.16,63.03,-0.08,211.78
O000886,C00261,2019-10-20,P00064,1,Cod,In Transit,219.31,October,2019.0,North America,0.26,54.83,0.15,162.29
O000849,C00158,2022-03-04,P00053,1,Credit Card,Pending,31.91,March,2022.0,Asia-Pacific,0.22,7.98,0.74,24.89
O000358,C00099,2022-05-21,P00029,1,PayPal,Delivered,163.45,May,2022.0,Asia-Pacific,0.24,40.86,1.0,124.22
O000900,C00091,2023-01-04,P00028,2,PayPal,Shipped,240.81,January,2023.0,Europe,0.2,60.2,0.92,192.65
O000558,C00133,2020-12-31,P00093,5,Credit Card,Returned,1368.85,December,2020.0,Asia-Pacific,0.21,342.21,0.1,1081.39
O000506,C00162,2024-12-08,P00033,3,PayPal,Returned,681.24,December,2024.0,North America,0.25,170.31,-0.15,510.93
O000438,C00293,2025-07-22,P00097,1,PayPal,Cancelled,336.34,July,2025.0,North America,0.07,84.08,0.36,312.8
O000302,C00225,2023-06-03,P00032,2,Credit Card,Returned,792.12,June,2023.0,Europe,0.15,198.03,-0.41,673.3
O000839,C00096,2022-08-10,P00099,5,PayPal,Returned,233.7,August,2022.0,Asia-Pacific,0.07,58.42,0.43,217.34
O000586,C00262,2020-02-15,P00053,2,Cod,Delivered,63.82,February,2020.0,Asia-Pacific,0.3,15.96,0.24,44.67
O000106,C00208,2020-01-04,P00036,2,PayPal,Delivered,423.5,January,2020.0,Asia-Pacific,0.28,105.88,0.11,304.92
O000164,C00170,2020-10-08,P00022,3,PayPal,Shipped,658.62,October,2020.0,North America,0.01,164.66,-0.34,652.03
O000480,C00080,2023-04-03,P00012,1,PayPal,Returned,69.92,April,2023.0,Europe,0.21,17.48,0.51,55.24
O000837,C00023,2025-06-22,P00095,2,Wire Transfer,Cancelled,556.72,June,2025.0,Asia-Pacific,0.28,139.18,0.09,400.84
O000894,C00216,2025-01-03,P00002,5,Credit Card,Delivered,2180.2,January,2025.0,Europe,0.05,545.05,-0.17,2071.19
O000129,C00012,2021-06-17,P00074,2,Cod,Cancelled,270.98,June,2021.0,Asia-Pacific,0.17,67.74,-0.85,224.91
O000128,C00216,2022-10-06,P99999,2,Credit Card,Delivered,,October,2022.0,Europe,0.27,0.0,0.29,
O000200,C00295,2022-05-22,P00047,4,Credit Card,Returned,816.48,May,2022.0,Europe,0.01,204.12,1.0,808.32
O000600,C00021,2020-10-31,P00037,1,Cod,Shipped,176.1,October,2020.0,South America,0.21,44.02,0.96,139.12
O000449,C00291,2025-04-25,P00116,2,Wire Transfer,Returned,585.3,April,2025.0,South America,0.09,146.32,0.12,532.62
O000899,C00131,2025-02-04,P00077,3,Cod,Returned,1570.2,February,2025.0,Asia-Pacific,0.28,392.55,0.06,1130.54
O000400,C00065,2021-09-12,P00063,3,Wire Transfer,Delivered,363.78,September,2021.0,North America,0.29,90.94,0.49,258.28
O000588,C00083,2022-10-15,P00101,1,PayPal,Shipped,170.61,October,2022.0,Europe,0.28,42.65,-0.1,122.84
O000824,C00028,2022-11-10,P00074,4,Credit Card,Delivered,574.34,November,2022.0,Europe,0.14,143.58,0.42,493.93
O000778,C00178,2021-04-07,P00019,4,PayPal,Delivered,1256.44,April,2021.0,North America,0.26,314.11,0.61,929.77
O000446,C00153,2025-07-05,P00098,5,Cod,Pending,944.2,July,2025.0,Asia-Pacific,0.25,236.05,0.79,708.15
O000040,C00183,2023-06-06,P00047,2,Credit Card,Cancelled,408.24,June,2023.0,Asia-Pacific,0.1,102.06,0.26,367.42
O000238,C00196,2019-04-05,P00085,4,Wire Transfer,Shipped,772.52,April,2019.0,Europe,0.25,193.13,0.22,579.39
O000325,C00165,2023-10-02,P00019,5,PayPal,Returned,1570.55,October,2023.0,Asia-Pacific,0.01,392.64,-0.05,1554.84
O000032,C00184,2021-07-07,P00084,4,Credit Card,Shipped,2365.16,July,2021.0,Asia-Pacific,0.18,591.29,-0.03,1939.43
O000440,C00239,2024-06-09,P00091,1,Credit Card,Delivered,333.17,June,2024.0,Asia-Pacific,0.07,83.29,0.21,309.85
O000065,C00297,2025-02-07,P00105,4,PayPal,In Transit,1082.52,February,2025.0,Asia-Pacific,0.04,270.63,0.45,1039.22
O000265,C00001,2022-05-10,P00045,1,PayPal,Returned,111.51,May,2022.0,Europe,0.02,27.88,0.67,109.28
O000563,C00276,2024-11-08,P00024,5,PayPal,Delivered,98.9,November,2024.0,Europe,0.21,24.72,-0.02,78.13
O000559,C00204,2022-02-09,P00111,5,PayPal,Delivered,1469.05,February,2022.0,Asia-Pacific,0.1,367.26,0.9,1322.14
O000113,C00278,2022-10-02,P00036,1,PayPal,Cancelled,211.75,October,2022.0,Asia-Pacific,0.22,52.94,0.19,165.16
O000396,C00126,2022-08-15,P00004,2,PayPal,Shipped,952.26,August,2022.0,North America,0.02,238.06,0.29,933.21
O000816,C00290,2019-10-16,P00035,4,PayPal,In Transit,998.32,October,2019.0,Asia-Pacific,0.09,249.58,0.0,908.47
O000133,C00174,2021-12-08,P00037,2,Cod,Shipped,352.2,December,2021.0,Europe,0.16,88.05,-0.67,295.85
O000096,C00023,,P00010,4,Credit Card,Returned,1785.8,,,Asia-Pacific,0.24,446.45,0.65,1357.21
O000388,C00085,2024-03-21,P00031,2,Credit Card,Shipped,644.68,March,2024.0,Europe,0.1,161.17,0.59,580.21
O000704,C00043,,P00019,4,Cod,In Transit,1256.44,,,Asia-Pacific,0.19,314.11,0.19,1017.72
O000236,C00125,2022-05-24,P00072,4,PayPal,Shipped,1551.96,May,2022.0,Asia-Pacific,0.27,387.99,0.33,1132.93
O000191,C00200,2023-04-12,P00029,3,Credit Card,Delivered,490.35,April,2023.0,Asia-Pacific,0.18,122.59,0.51,402.09
O000868,C00174,2019-05-24,P00054,3,Cod,Cancelled,500.13,May,2019.0,Europe,0.07,125.03,-0.33,465.12
O000843,C00293,2021-03-09,P00034,2,Cod,Returned,529.94,March,2021.0,North America,0.01,132.49,0.09,524.64
O000528,C00266,2024-06-26,P00086,1,Wire Transfer,Returned,270.43,June,2024.0,Asia-Pacific,0.26,67.61,0.62,200.12
O000004,C00147,2020-12-11,P00028,3,PayPal,Shipped,871.83,December,2020.0,Asia-Pacific,0.01,217.96,-0.2,863.11
O000538,C00122,2020-09-13,P00111,4,PayPal,Returned,1175.24,September,2020.0,North America,0.26,293.81,0.42,869.68
O000717,C00278,2021-03-03,P00104,2,Wire Transfer,Delivered,707.36,March,2021.0,Asia-Pacific,0.16,176.84,-0.24,594.18
O000597,C00068,2021-08-21,P00005,1,Credit Card,Returned,328.13,August,2021.0,South America,0.28,82.03,0.49,236.25
O000643,C00049,2021-07-22,P00077,3,PayPal,Pending,1570.2,July,2021.0,Asia-Pacific,0.24,392.55,0.29,1193.35
O000006,C00169,2019-12-31,P00044,2,Credit Card,Returned,316.64,December,2019.0,North America,0.3,79.16,-0.35,221.65
O000350,C00273,2021-10-29,P00107,1,Wire Transfer,Returned,110.62,October,2021.0,North America,0.11,27.66,0.77,98.45
O000210,C00061,2019-08-23,P00106,1,Credit Card,Delivered,2.27,August,2019.0,Asia-Pacific,0.23,0.57,0.01,1.75
O000527,C00226,2020-12-22,P00049,1,Wire Transfer,Returned,75.95,December,2020.0,Asia-Pacific,0.12,18.99,-0.02,66.84
O000352,C00201,2022-05-01,P00095,4,Cod,Delivered,1113.44,May,2022.0,Europe,0.14,278.36,0.38,957.56
O000713,C00226,2021-04-08,P00096,4,Wire Transfer,Returned,726.8,April,2021.0,Asia-Pacific,0.19,181.7,0.76,588.71
O000750,C00090,2023-01-07,P00070,1,Credit Card,Shipped,404.11,January,2023.0,Asia-Pacific,0.26,101.03,-0.11,299.04
O000304,C00203,2019-02-25,P00049,1,PayPal,Cancelled,75.95,February,2019.0,Asia-Pacific,0.3,18.99,0.32,53.16
O000267,C00239,2024-02-29,P00106,1,Wire Transfer,Delivered,2.27,February,2024.0,Asia-Pacific,0.23,0.57,0.47,1.75
O000160,C00078,,P00093,2,Cod,Shipped,547.54,,,Asia-Pacific,0.13,136.88,0.58,476.36
O000347,C00085,2022-07-23,P00001,2,PayPal,Delivered,344.08,July,2022.0,Europe,0.13,86.02,0.37,299.35
O000572,C00293,2020-02-04,P00065,2,PayPal,Pending,579.16,February,2020.0,North America,0.22,144.79,0.15,451.74
O000098,C00107,2024-09-21,P00009,5,Credit Card,Shipped,1863.0,September,2024.0,North America,0.07,465.75,-0.03,1732.59
O000590,C00073,2024-11-16,P99999,2,PayPal,In Transit,,November,2024.0,North America,0.03,0.0,0.33,
O000322,C00188,2025-08-29,P00013,3,PayPal,Shipped,1207.62,August,2025.0,Asia-Pacific,0.11,301.9,-0.13,1074.78
O000416,C00191,2019-01-05,P00009,1,Credit Card,Pending,372.6,January,2019.0,Asia-Pacific,0.09,93.15,-0.87,339.07
O000187,C00101,2020-08-02,P00077,2,Credit Card,Cancelled,1046.8,August,2020.0,North America,0.09,261.7,0.47,952.59
O000838,C00270,2021-10-17,P00032,1,Wire Transfer,Shipped,396.06,October,2021.0,Asia-Pacific,0.07,99.02,0.66,368.34
O000377,C00143,2024-01-21,P00077,1,PayPal,Pending,523.4,January,2024.0,Europe,0.01,130.85,-0.65,518.17
O000225,C00070,2021-06-15,P00086,5,Wire Transfer,Delivered,1352.15,June,2021.0,Europe,0.01,338.04,-0.1,1338.63
O000015,C00084,2022-10-21,P00074,3,PayPal,Returned,406.47,October,2022.0,Asia-Pacific,0.3,101.62,0.55,284.53
O000171,C00208,2021-06-06,P00037,5,PayPal,Delivered,880.5,June,2021.0,Asia-Pacific,0.13,220.12,1.0,766.04
O000765,C00015,2022-08-05,P00061,3,PayPal,Returned,317.43,August,2022.0,Asia-Pacific,0.12,79.36,0.31,279.34
O000575,C00199,2022-02-02,P00003,4,PayPal,Pending,925.68,February,2022.0,Europe,0.2,231.42,0.01,740.54
O000116,C00009,2022-10-27,P99999,5,PayPal,Shipped,,October,2022.0,Europe,0.07,0.0,0.23,
O000568,C00131,2021-11-05,P00023,3,Credit Card,Returned,67002.0,November,2021.0,Asia-Pacific,0.28,16750.5,0.85,48241.44
O000353,C00043,2023-11-25,P99999,4,Credit Card,Cancelled,,November,2023.0,Asia-Pacific,0.24,0.0,0.04,
O000020,C00163,2023-12-14,P00003,4,Cod,Delivered,925.68,December,2023.0,Asia-Pacific,0.03,231.42,-0.02,897.91
O000108,C00082,2022-02-10,P00049,5,PayPal,Delivered,379.75,February,2022.0,Europe,0.13,94.94,0.11,330.38
O000412,C00259,2022-01-03,P00085,2,Wire Transfer,Returned,386.26,January,2022.0,Asia-Pacific,0.26,96.56,-0.08,285.83
O000770,C00168,2021-01-30,P00112,1,PayPal,Cancelled,318.42,January,2021.0,North America,0.28,79.6,0.35,229.26
O000237,C00194,2023-12-29,P00093,1,Credit Card,Delivered,273.77,December,2023.0,Asia-Pacific,0.14,68.44,0.95,235.44
O000871,C00222,2019-02-24,P00037,1,Wire Transfer,Returned,176.1,February,2019.0,North America,0.18,44.02,0.43,144.4
O000234,C00006,2019-08-19,P00073,2,Credit Card,Shipped,604.96,August,2019.0,Europe,0.05,151.24,0.2,574.71
O000230,C00027,2022-03-05,P00059,5,Cod,Shipped,910.8,March,2022.0,Europe,0.3,227.7,0.18,637.56
O000473,C00132,2023-06-18,P00111,1,Credit Card,Returned,293.81,June,2023.0,Europe,0.07,73.45,-0.33,273.24
O000618,C00199,2024-03-07,P00119,5,PayPal,Delivered,1146.8,March,2024.0,Europe,0.28,286.7,0.65,825.7
O000666,C00092,2021-11-14,P00012,3,Cod,Returned,403.62,November,2021.0,Asia-Pacific,0.19,100.9,0.27,326.93
O000444,C00287,2024-05-04,P00108,1,Credit Card,Delivered,133.57,May,2024.0,North America,0.18,33.39,0.23,109.53
O000761,C00033,2025-10-07,P00036,3,Cod,Returned,635.25,October,2025.0,Asia-Pacific,0.15,158.81,1.0,539.96
O000681,C00076,2021-11-26,P00119,3,Credit Card,Delivered,688.08,November,2021.0,Asia-Pacific,0.07,172.02,0.42,639.91
O000731,C00218,2024-02-20,P00103,2,PayPal,In Transit,185.38,February,2024.0,Asia-Pacific,0.05,46.34,-0.0,176.11
O000773,C00032,2021-11-23,P00099,5,PayPal,Returned,233.7,November,2021.0,Asia-Pacific,0.07,58.42,0.13,217.34
O000117,C00038,2023-12-02,P00099,5,Credit Card,Shipped,233.7,December,2023.0,North America,0.06,58.42,0.76,219.68
O000069,C00156,2019-09-03,P00049,5,Wire Transfer,Shipped,379.75,September,2019.0,Asia-Pacific,0.23,94.94,0.35,292.41
O000331,C00121,2022-01-07,P00022,1,Credit Card,Delivered,219.54,January,2022.0,South America,0.11,54.88,-0.28,195.39
O000305,C00064,,P00014,1,Credit Card,In Transit,439.39,,,Asia-Pacific,0.02,109.85,0.67,430.6
O000007,C00038,2020-09-03,P00028,5,Credit Card,Pending,1453.05,September,2020.0,North America,0.29,363.26,0.03,1031.67
O000709,C00070,2022-11-24,P00094,1,Credit Card,Delivered,104.54,November,2022.0,Europe,0.27,26.14,1.0,76.31
O000038,,2020-03-11,P00028,4,Credit Card,Pending,1162.44,March,2020.0,,0.28,290.61,0.73,836.96
O000629,C00267,2019-04-04,P00041,5,PayPal,Delivered,152300.0,April,2019.0,Europe,0.3,38075.0,0.12,106610.0
O000569,C00125,2021-11-02,P00003,5,Credit Card,Delivered,1157.1,November,2021.0,Asia-Pacific,0.05,289.27,0.81,1099.24
O000107,C00231,2024-07-11,P00093,2,Credit Card,Cancelled,547.54,July,2024.0,Asia-Pacific,0.12,136.88,0.33,481.84
O000522,C00291,2021-02-05,P00072,2,PayPal,Shipped,775.98,February,2021.0,South America,0.23,194.0,0.64,597.5
O000252,C00079,2021-07-13,P00035,2,Cod,Shipped,499.16,July,2021.0,Asia-Pacific,0.21,124.79,0.49,394.34
O000653,C00050,2019-07-29,P00008,2,Cod,Shipped,279.92,July,2019.0,Europe,0.05,69.98,-0.04,265.92
O000398,C00251,2021-12-16,P00015,4,Wire Transfer,Delivered,741.76,December,2021.0,South America,0.24,185.44,0.04,563.74
O000854,C00008,2019-08-03,P00042,4,Credit Card,Pending,695.12,August,2019.0,Europe,0.07,173.78,0.71,646.46
O000216,C00214,2020-04-18,P99999,2,PayPal,Delivered,,April,2020.0,North America,0.07,0.0,0.17,
O000892,C00246,2024-04-06,P00111,4,PayPal,Returned,1175.24,April,2024.0,Asia-Pacific,0.16,293.81,0.14,987.2
O000057,C00003,2024-09-03,P00043,2,PayPal,In Transit,40184.0,September,2024.0,Asia-Pacific,0.18,10046.0,-0.08,32950.88
O000703,C00079,2019-05-21,P00009,1,PayPal,Delivered,322.76,May,2019.0,Asia-Pacific,0.17,80.69,0.47,267.89
O000613,C00223,2025-06-06,P00060,4,Wire Transfer,Delivered,789.72,June,2025.0,Europe,0.03,197.43,1.0,766.03
O000170,C00112,2023-05-20,P00058,1,PayPal,Returned,269.63,May,2023.0,Asia-Pacific,0.26,67.41,-0.13,199.53
O000292,C00289,,P00012,5,PayPal,Pending,672.7,,,Asia-Pacific,0.08,168.18,0.31,618.88
O000510,C00239,2025-08-26,P00104,4,Wire Transfer,Delivered,1414.72,August,2025.0,Asia-Pacific,0.04,353.68,0.86,1358.13
O000054,C00008,2020-09-11,P00107,5,PayPal,Shipped,553.1,September,2020.0,Europe,0.27,138.28,0.27,403.76
O000535,C00110,2024-08-16,P00004,2,Wire Transfer,Returned,1127.54,August,2024.0,Europe,0.29,281.88,0.48,800.55
O000787,C00069,2021-07-08,P00097,5,Credit Card,Pending,1681.7,July,2021.0,North America,0.26,420.42,-0.12,1244.46
O000675,C00046,2023-06-12,P00007,5,Credit Card,In Transit,1628.96,June,2023.0,Asia-Pacific,0.24,407.24,0.47,1238.01
O000152,C00260,2022-12-23,P00074,4,PayPal,Returned,541.96,December,2022.0,Europe,0.2,135.49,0.23,433.57
O000231,C00282,2019-08-10,P00050,4,PayPal,Delivered,405.76,August,2019.0,Asia-Pacific,0.17,101.44,0.69,336.78
O000702,C00197,2025-06-22,P00117,2,Wire Transfer,Returned,494.46,June,2025.0,North America,0.03,123.62,0.77,479.63
O000499,C00255,2021-09-26,P00045,3,PayPal,Delivered,334.53,September,2021.0,South America,0.12,83.63,1.0,294.39
O000628,C00046,2019-04-29,P00036,5,Credit Card,Shipped,1058.75,April,2019.0,Asia-Pacific,0.11,264.69,0.53,942.29
O000779,C00231,2024-05-15,P00011,4,PayPal,Shipped,727.88,May,2024.0,Asia-Pacific,0.08,181.97,0.43,669.65
O000189,C00251,2025-06-19,P00061,3,Cod,Shipped,317.43,June,2025.0,South America,0.22,79.36,0.38,247.6
O000814,,2020-06-10,P00029,1,PayPal,In Transit,163.45,June,2020.0,,0.15,40.86,0.16,138.93
O000712,C00077,2023-03-14,P00006,5,PayPal,Delivered,680.05,March,2023.0,Europe,0.02,170.01,0.44,666.45
O000186,C00194,2022-08-10,P00117,1,Cod,Shipped,247.23,August,2022.0,Asia-Pacific,0.07,61.81,0.18,229.92
O000044,C00051,2023-05-24,P00048,4,Cod,Delivered,1554.76,May,2023.0,North America,0.2,388.69,0.37,1243.81
O000455,C00061,2025-06-08,P00113,4,Cod,Returned,868.36,June,2025.0,Asia-Pacific,0.02,217.09,0.83,850.99
O000143,C00012,2024-09-29,P00012,4,Cod,Returned,538.16,September,2024.0,Asia-Pacific,0.26,134.54,-0.1,398.24
O000827,C00193,2025-08-02,P00082,4,Cod,Delivered,1150.16,August,2025.0,Asia-Pacific,0.15,287.54,0.76,977.64
O000718,C00112,2025-07-27,P00100,4,PayPal,Returned,501.04,July,2025.0,Asia-Pacific,0.14,125.26,0.83,430.89
O000318,C00268,2019-12-24,P00069,1,Wire Transfer,Delivered,116.7,December,2019.0,South America,0.18,29.18,0.25,95.69
O000323,C00198,2023-09-02,P00011,2,PayPal,Returned,363.94,September,2023.0,North America,0.25,90.98,-0.55,272.96
O000462,C00167,2023-06-24,P00024,1,Credit Card,Delivered,19.78,June,2023.0,Asia-Pacific,0.1,4.94,0.06,17.8
O000544,C00014,2024-04-23,P00106,2,Credit Card,Delivered,4.54,April,2024.0,Europe,0.2,1.14,0.82,3.63
O000733,C00135,2020-01-06,P00030,4,PayPal,Delivered,229.48,January,2020.0,Asia-Pacific,0.17,57.37,0.29,190.47
O000530,C00226,2021-12-03,P00020,2,Wire Transfer,Pending,380.64,December,2021.0,Asia-Pacific,0.08,95.16,-0.1,350.19
O000330,C00094,2020-03-12,P00118,3,PayPal,Cancelled,1193.4,March,2020.0,South America,0.26,298.35,0.1,883.12
O000850,C00162,2019-09-19,P00074,1,Credit Card,Delivered,135.49,September,2019.0,North America,0.24,33.87,0.64,102.97
O000151,C00037,2023-12-02,P00012,3,PayPal,Delivered,403.62,December,2023.0,Asia-Pacific,0.2,100.9,0.52,322.9
O000068,C00124,2019-04-25,P00029,3,PayPal,Returned,490.35,April,2019.0,Asia-Pacific,0.26,122.59,0.2,362.86
O000851,C00100,2023-01-15,P00026,4,Wire Transfer,Shipped,938.16,January,2023.0,Europe,0.26,234.54,0.15,694.24
O000360,C00225,2023-10-21,P00112,2,Credit Card,Returned,636.84,October,2023.0,Europe,0.21,159.21,0.14,503.1
O000479,C00209,2022-02-17,P00062,1,Cod,Returned,207.06,February,2022.0,Europe,0.25,51.76,-0.07,155.3
O000893,C00243,2019-04-26,P00104,5,PayPal,Delivered,1768.4,April,2019.0,North America,0.21,442.1,0.95,1397.04
O000389,,2024-11-29,P00031,5,PayPal,Shipped,1611.7,November,2024.0,,0.2,402.92,0.17,1289.36
O000328,C00281,2022-07-06,P00013,4,PayPal,Pending,1610.16,July,2022.0,North America,0.19,402.54,0.79,1304.23
O000418,C00280,2024-07-02,P00010,3,PayPal,Delivered,1339.35,July,2024.0,South America,0.23,334.84,0.91,1031.3
O000394,C00104,2022-05-17,P00100,4,Credit Card,In Transit,501.04,May,2022.0,South America,0.05,125.26,0.7,475.99
O000453,C00111,2023-04-23,P00059,1,Credit Card,Returned,182.16,April,2023.0,Asia-Pacific,0.26,45.54,0.13,134.8
O000812,C00105,2023-10-05,P00096,3,PayPal,Returned,545.1,October,2023.0,Europe,0.26,136.28,0.46,403.37
O000596,C00226,2023-06-02,P00101,5,Credit Card,Cancelled,853.05,June,2023.0,Asia-Pacific,0.01,213.26,0.29,844.52
O000378,C00171,2024-06-05,P00056,1,PayPal,Returned,478.86,June,2024.0,Europe,0.25,119.72,-0.06,359.14
O000540,C00201,2021-06-29,P00026,4,Wire Transfer,Cancelled,938.16,June,2021.0,Europe,0.04,234.54,0.43,900.63
O000132,C00020,2022-03-09,P00108,2,Wire Transfer,Cancelled,267.14,March,2022.0,Asia-Pacific,0.1,66.78,-0.17,240.43
O000707,C00240,2025-02-26,P00005,3,Credit Card,Returned,984.39,February,2025.0,South America,0.22,246.1,0.78,767.82
O000297,C00102,2019-08-23,P00103,3,PayPal,Returned,278.07,August,2019.0,Asia-Pacific,0.05,69.52,0.11,264.17
O000284,C00005,2019-02-25,P00114,2,Wire Transfer,In Transit,888.78,February,2019.0,Asia-Pacific,0.25,222.2,0.38,666.58
O000821,C00122,2021-02-14,P00087,1,PayPal,Delivered,84.04,February,2021.0,North America,0.25,21.01,0.41,63.03
O000659,C00060,2023-11-05,P00043,4,Wire Transfer,Delivered,80368.0,November,2023.0,Asia-Pacific,0.15,20092.0,0.2,68312.8
O000131,C00298,2020-04-16,P00075,5,Wire Transfer,Pending,2868.0,April,2020.0,North America,0.0,717.0,0.53,2868.0
O000846,C00010,2022-01-25,P00110,5,Cod,Returned,360.15,January,2022.0,North America,0.09,90.04,0.11,327.74
O000363,C00084,2019-05-14,P00009,2,PayPal,Delivered,745.2,May,2019.0,Asia-Pacific,0.19,186.3,0.65,603.61
O000115,C00005,2024-05-19,P00042,3,Wire Transfer,Cancelled,521.34,May,2024.0,Asia-Pacific,0.29,130.34,-0.24,370.15
O000640,C00007,2021-11-22,P00069,2,PayPal,Returned,372.13,November,2021.0,Europe,0.19,93.03,0.35,301.43
O000786,C00040,2020-03-01,P00083,1,Credit Card,Pending,251.11,March,2020.0,Asia-Pacific,0.08,62.78,1.0,231.02
O000807,C00245,2021-03-18,P00110,1,Wire Transfer,Delivered,100.2,March,2021.0,Asia-Pacific,0.19,25.05,-0.1,81.16
O000742,C00099,2021-12-15,P00021,2,Wire Transfer,In Transit,185.4,December,2021.0,Asia-Pacific,0.16,46.35,0.03,155.74
O000272,C00147,2023-09-21,P00019,2,PayPal,Cancelled,628.22,September,2023.0,Asia-Pacific,0.23,157.06,0.51,483.73
O000314,C00153,2024-05-13,P00010,4,PayPal,Returned,1785.8,May,2024.0,Asia-Pacific,0.03,446.45,0.37,1732.23
O000725,C00088,2025-07-27,P00017,3,Credit Card,Delivered,-480.36,July,2025.0,Europe,0.23,-120.09,0.44,-369.88
O000285,C00232,2025-08-09,P00039,3,PayPal,Returned,47.76,August,2025.0,Europe,0.16,11.94,0.5,40.12
O000130,C00190,2023-03-20,P00091,1,Wire Transfer,Pending,333.17,March,2023.0,South America,0.29,83.29,0.55,236.55
O000784,,2022-03-24,P00063,3,Credit Card,Shipped,363.78,March,2022.0,,0.1,90.94,0.74,327.4
O000896,C00207,2024-05-28,P00108,2,Cod,Pending,267.14,May,2024.0,Europe,0.19,66.78,0.46,216.38
O000592,C00074,2020-08-27,P00067,3,Credit Card,Delivered,661.44,August,2020.0,North America,0.28,165.36,0.2,476.24
O000211,C00294,2020-07-22,P00100,5,Wire Transfer,Cancelled,626.3,July,2020.0,Europe,0.03,156.57,0.57,607.51
O000637,C00285,2023-12-08,P00051,2,Wire Transfer,Shipped,616.52,December,2023.0,Asia-Pacific,0.28,154.13,1.0,443.89
O000556,C00212,2022-03-10,P00093,5,PayPal,Returned,1368.85,March,2022.0,South America,0.21,342.21,0.25,1081.39
O000688,C00208,2022-07-21,P00039,1,Credit Card,In Transit,15.92,July,2022.0,Asia-Pacific,0.02,3.98,-0.09,15.6
O000476,C00046,2024-06-14,P00089,2,Credit Card,Cancelled,503.46,June,2024.0,Asia-Pacific,0.09,125.86,0.74,458.15
O000041,C00275,2021-02-09,P00069,2,PayPal,Cancelled,233.4,February,2021.0,Asia-Pacific,0.21,58.35,0.25,184.39
O000307,C00263,2019-08-17,P00017,5,Credit Card,Pending,-800.6,August,2019.0,North America,0.02,-200.15,-0.57,-784.59
O000594,C00146,2024-04-12,P00030,2,Cod,Returned,114.74,April,2024.0,South America,0.17,28.68,0.64,95.23
O000374,C00179,2020-02-28,P00050,1,Credit Card,Delivered,101.44,February,2020.0,Asia-Pacific,0.1,25.36,0.09,91.3
O000205,C00013,2021-01-18,P00039,4,Cod,Shipped,63.68,January,2021.0,Asia-Pacific,0.19,15.92,0.26,51.58
O000273,C00219,2023-09-21,P00097,2,Wire Transfer,Returned,672.68,September,2023.0,Asia-Pacific,0.01,168.17,0.43,665.95
O000009,C00219,2024-07-17,P00061,2,Credit Card,Cancelled,211.62,July,2024.0,Asia-Pacific,0.26,52.9,0.38,156.6
O000356,C00063,2024-01-15,P00077,1,PayPal,Cancelled,523.4,January,2024.0,Asia-Pacific,0.29,130.85,0.58,371.61
O000534,C00043,2023-03-12,P00044,2,Credit Card,Pending,316.64,March,2023.0,Asia-Pacific,0.29,79.16,0.13,224.81
O000638,C00213,2022-10-23,P00057,4,PayPal,Returned,552.68,October,2022.0,Asia-Pacific,0.22,138.17,0.51,431.09
O000071,C00048,2025-06-04,P00114,5,PayPal,Cancelled,2221.95,June,2025.0,Asia-Pacific,0.04,555.49,0.2,2133.07
O000140,C00163,2022-01-04,P00011,5,PayPal,Pending,909.85,January,2022.0,Asia-Pacific,0.23,227.46,0.6,700.58
O000647,C00080,2022-02-13,P00119,1,PayPal,Cancelled,229.36,February,2022.0,Europe,0.01,57.34,0.55,227.07
O000008,C00094,2024-02-02,P00005,2,PayPal,Cancelled,656.26,February,2024.0,South America,0.01,164.06,-0.07,649.7
O000754,C00235,2021-10-29,P00008,4,PayPal,Cancelled,559.84,October,2021.0,Asia-Pacific,0.1,139.96,0.73,503.86
O000500,C00071,2021-09-14,P00047,4,Wire Transfer,Shipped,816.48,September,2021.0,Europe,0.15,204.12,0.09,694.01
O000664,C00276,2022-07-15,P00048,4,Cod,Pending,1554.76,July,2022.0,Europe,0.23,388.69,0.62,1197.17
O000094,C00130,2020-02-20,P00084,2,Wire Transfer,Returned,1182.58,February,2020.0,North America,0.2,295.64,0.45,946.06
O000432,C00015,2022-06-03,P00054,4,Credit Card,Delivered,666.84,June,2022.0,Asia-Pacific,0.13,166.71,1.0,580.15
O000489,C00096,2019-07-23,P00035,2,PayPal,Delivered,499.16,July,2019.0,Asia-Pacific,0.08,124.79,0.21,459.23
O000080,C00144,2020-05-16,P00120,1,Cod,Delivered,133.6,May,2020.0,North America,0.3,33.4,0.16,93.52
O000579,C00162,2019-08-07,P00024,3,PayPal,In Transit,59.34,August,2019.0,North America,0.13,14.84,0.29,51.63
O000343,C00222,2024-01-18,P00027,1,Credit Card,Pending,100.05,January,2024.0,North America,0.14,25.01,0.18,86.04
O000050,C00211,2019-12-20,P00047,2,PayPal,Delivered,408.24,December,2019.0,North America,0.05,102.06,0.62,387.83
O000251,C00245,2025-02-24,P00071,1,Wire Transfer,In Transit,164.37,February,2025.0,Asia-Pacific,0.24,41.09,-0.35,124.92
O000148,C00211,2022-11-20,P00064,4,Credit Card,Pending,877.24,November,2022.0,North America,0.21,219.31,-0.12,693.02
O000391,C00067,2020-05-03,P00092,3,Credit Card,Returned,439.14,May,2020.0,North America,0.07,109.78,-0.13,408.4
O000858,C00131,2020-11-03,P00033,1,PayPal,Returned,227.08,November,2020.0,Asia-Pacific,0.02,56.77,0.68,222.54
O000058,C00173,2021-04-06,P00097,1,PayPal,Delivered,336.34,April,2021.0,Asia-Pacific,0.2,84.08,0.98,269.07
O000800,C00192,2020-09-08,P00108,1,Wire Transfer,In Transit,133.57,September,2020.0,Asia-Pacific,0.2,33.39,0.26,106.86
O000690,C00259,2023-01-16,P00116,4,PayPal,Returned,1170.6,January,2023.0,Asia-Pacific,0.08,292.65,0.23,1076.95
O000457,C00126,2019-01-22,P00076,5,Credit Card,In Transit,1112.1,January,2019.0,North America,0.29,278.02,0.33,789.59
O000632,C00102,2019-05-07,P00001,2,PayPal,Delivered,344.08,May,2019.0,Asia-Pacific,0.05,86.02,0.76,326.88
O000056,C00012,2020-03-07,P00027,2,Wire Transfer,Delivered,200.1,March,2020.0,Asia-Pacific,0.13,50.02,-0.07,174.09
O000645,C00167,2024-11-13,P00065,4,PayPal,Delivered,1158.32,November,2024.0,Asia-Pacific,0.28,289.58,0.4,833.99
O000845,C00152,2020-08-27,P00068,2,Credit Card,Delivered,415.4,August,2020.0,Asia-Pacific,0.13,103.85,0.69,361.4
O000507,C00246,2022-04-16,P00070,3,Credit Card,Shipped,1212.33,April,2022.0,Asia-Pacific,0.19,303.08,0.5,981.99
O000448,C00208,2024-08-23,P00027,5,Cod,Shipped,500.25,August,2024.0,Asia-Pacific,0.12,125.06,0.38,440.22
O000801,C00214,2022-10-18,P00011,1,Credit Card,Delivered,181.97,October,2022.0,North America,0.08,45.49,0.7,167.41
O000339,C00117,2019-12-24,P00018,2,Wire Transfer,Delivered,439.92,December,2019.0,North America,0.3,109.98,-0.78,307.94
O000470,C00131,2021-03-04,P00116,2,PayPal,Shipped,585.3,March,2021.0,Asia-Pacific,0.12,146.32,0.57,515.06
O000580,C00181,2021-03-27,P00107,4,Wire Transfer,Shipped,442.48,March,2021.0,Asia-Pacific,0.27,110.62,0.04,323.01
O000383,C00130,2020-11-09,P00024,4,Cod,Delivered,79.12,November,2020.0,North America,0.07,19.78,-0.43,73.58
O000026,C00051,2021-05-15,P00094,3,Wire Transfer,Pending,313.62,May,2021.0,North America,0.06,78.4,0.5,294.8
O000048,C00220,2024-09-10,P00082,3,Credit Card,Delivered,862.62,September,2024.0,North America,0.01,215.66,0.85,853.99
O000175,C00170,2024-09-30,P00092,5,PayPal,Cancelled,731.9,September,2024.0,North America,0.2,182.98,0.25,585.52
O000741,C00026,2023-06-25,P00009,4,PayPal,Returned,1490.4,June,2023.0,Asia-Pacific,0.11,372.6,0.68,1326.46
O000060,C00077,2021-07-23,P00092,4,Cod,In Transit,585.52,July,2021.0,Europe,0.26,146.38,0.94,433.28
O000390,C00021,2023-11-18,P00071,2,Credit Card,Delivered,328.74,November,2023.0,South America,0.14,82.18,0.83,282.72
O000154,C00215,2023-05-20,P00041,4,Credit Card,In Transit,121840.0,May,2023.0,Asia-Pacific,0.29,30460.0,0.96,86506.4
O000551,C00233,2022-08-13,P00117,2,PayPal,Returned,494.46,August,2022.0,Asia-Pacific,0.06,123.62,0.6,464.79
O000649,C00121,2020-02-09,P00020,3,Credit Card,Shipped,570.96,February,2020.0,South America,0.26,142.74,0.33,422.51
O000162,C00164,2024-02-13,P00061,3,Cod,Delivered,317.43,February,2024.0,Asia-Pacific,0.23,79.36,-0.34,244.42
O000245,C00024,2022-07-05,P00047,3,Credit Card,Cancelled,612.36,July,2022.0,Asia-Pacific,0.23,153.09,0.2,471.52
O000657,C00138,2024-12-19,P00028,5,Credit Card,Returned,1453.05,December,2024.0,North America,0.25,363.26,-0.04,1089.79
O000159,C00117,2024-04-28,P00102,3,Credit Card,Cancelled,949.8,April,2024.0,North America,0.23,237.45,1.0,731.35
O000614,C00166,2023-06-21,P00111,3,Credit Card,Returned,881.43,June,2023.0,Europe,0.19,220.36,0.23,713.96
O000327,C00063,2021-05-17,P00039,4,PayPal,Shipped,63.68,May,2021.0,Asia-Pacific,0.04,15.92,0.35,61.13
O000744,C00182,2025-10-10,P00091,5,PayPal,Delivered,1665.85,October,2025.0,Asia-Pacific,0.01,416.46,0.52,1649.19
O000371,C00204,2019-04-24,P00119,1,Credit Card,Returned,283.07,April,2019.0,Asia-Pacific,0.28,70.77,0.32,203.81
O000411,C00231,2021-12-26,P00087,3,PayPal,Returned,252.12,December,2021.0,Asia-Pacific,0.18,63.03,0.98,206.74
O000433,C00150,2020-07-21,P00030,5,PayPal,In Transit,286.85,July,2020.0,Europe,0.24,71.71,0.05,218.01
O000616,C00299,2019-09-19,P00085,5,Cod,Returned,965.65,September,2019.0,Europe,0.14,241.41,0.38,830.46
O000459,C00142,2020-07-18,P00096,4,Credit Card,Shipped,726.8,July,2020.0,Asia-Pacific,0.04,181.7,0.0,697.73
O000679,C00291,2022-09-15,P00081,3,Cod,Returned,779.55,September,2022.0,South America,0.04,194.89,-0.23,748.37
O000180,C00257,2024-05-28,P00115,5,Cod,Returned,466.5,May,2024.0,South America,0.21,116.62,0.06,368.54
O000692,C00185,,P00037,5,PayPal,Delivered,880.5,,,North America,0.13,220.12,0.29,766.04
O000526,C00070,2021-06-15,P00030,3,Cod,Delivered,172.11,June,2021.0,Europe,0.06,43.03,0.13,161.78
O000780,C00030,2023-11-21,P00022,2,Cod,Pending,439.08,November,2023.0,North America,0.15,109.77,0.02,373.22
O000055,C00220,2024-02-16,P00021,1,Credit Card,Shipped,92.7,February,2024.0,North America,0.02,23.18,-0.26,90.85
O000695,C00298,2021-04-15,P00074,3,Credit Card,In Transit,113.73,April,2021.0,North America,0.17,28.43,0.27,94.4
O000601,C00259,2023-07-15,P00081,3,PayPal,Returned,779.55,July,2023.0,Asia-Pacific,0.08,194.89,-0.3,717.19
O000169,C00220,2024-04-12,P00113,2,Credit Card,Shipped,434.18,April,2024.0,North America,0.24,108.54,0.6,329.98
O000574,C00014,2019-09-09,P00092,5,PayPal,Returned,731.9,September,2019.0,Europe,0.09,182.98,0.33,666.03
O000654,C00075,2020-02-14,P00108,4,Wire Transfer,Pending,534.28,February,2020.0,Europe,0.14,133.57,-0.28,459.48
O000852,C00287,2024-11-19,P00062,2,Credit Card,Shipped,414.12,November,2024.0,North America,0.0,103.53,0.18,414.12
O000467,C00235,2022-05-27,P00013,2,Credit Card,Pending,931.97,May,2022.0,Asia-Pacific,0.02,232.99,-0.0,913.33
O000025,C00064,2019-01-24,P00101,5,Cod,In Transit,853.05,January,2019.0,Asia-Pacific,0.12,213.26,0.43,750.68
O000299,,2021-04-24,P00018,3,PayPal,Returned,659.88,April,2021.0,,0.14,164.97,0.84,567.5
O000817,C00081,2020-05-14,P00106,1,PayPal,Shipped,2.27,May,2020.0,Asia-Pacific,0.18,0.57,-0.45,1.86
O000714,C00021,2024-05-05,P00076,3,Credit Card,Shipped,667.26,May,2024.0,South America,0.09,166.82,0.35,607.21
O000019,C00169,2019-05-27,P00046,4,Cod,Shipped,805.52,May,2019.0,North America,0.21,201.38,0.24,636.36
O000710,C00285,2020-08-03,P00036,1,PayPal,In Transit,211.75,August,2020.0,Asia-Pacific,0.26,52.94,0.57,156.7
O000313,C00036,2019-11-09,P00091,2,PayPal,Delivered,666.34,November,2019.0,Asia-Pacific,0.23,166.58,0.39,513.08
O000255,C00044,2025-09-01,P00018,5,PayPal,Returned,1014.72,September,2025.0,Asia-Pacific,0.01,253.68,-0.0,1004.57
O000226,C00158,2022-08-04,P00101,1,Wire Transfer,Delivered,170.61,August,2022.0,Asia-Pacific,0.14,42.65,0.17,146.72
O000088,C00024,2019-04-06,P00050,1,Credit Card,In Transit,101.44,April,2019.0,Asia-Pacific,0.03,25.36,-0.02,98.4
O000763,C00014,2023-01-07,P00003,4,PayPal,Shipped,925.68,January,2023.0,Europe,0.07,231.42,0.73,860.88
O000420,C00026,2019-03-26,P00059,2,PayPal,Delivered,364.32,March,2019.0,Asia-Pacific,0.3,91.08,0.31,255.02
O000536,C00032,2022-01-20,P00090,4,PayPal,Returned,1203.36,January,2022.0,Asia-Pacific,0.04,300.84,1.0,1155.23
O000669,C00240,2022-02-21,P00017,1,Credit Card,Pending,-160.12,February,2022.0,South America,0.15,-40.03,0.28,-136.1
O000223,C00193,2023-05-09,P00115,3,PayPal,Delivered,279.9,May,2023.0,Asia-Pacific,0.19,69.97,0.02,226.72
O000730,C00284,2024-02-14,P00059,3,Wire Transfer,Cancelled,546.48,February,2024.0,Asia-Pacific,0.21,136.62,-0.31,431.72
O000550,C00217,,P00092,1,Cod,Returned,146.38,,,North America,0.17,36.6,-0.42,121.5
O000425,C00260,2020-08-25,P00074,3,Credit Card,Delivered,406.47,August,2020.0,Europe,0.0,101.62,-0.33,406.47
O000219,C00115,2021-07-05,P00035,5,Credit Card,In Transit,1247.9,July,2021.0,Europe,0.1,311.98,0.41,1123.11
O000723,C00163,2023-11-07,P00086,3,PayPal,Returned,811.29,November,2023.0,Asia-Pacific,0.16,202.82,0.5,681.48
O000492,C00207,2021-04-15,P00022,4,Credit Card,Returned,878.16,April,2021.0,Europe,0.03,219.54,-0.33,851.82
O000533,C00026,2023-01-23,P00012,5,Cod,Cancelled,672.7,January,2023.0,Asia-Pacific,0.11,168.18,0.66,598.7
O000864,,2022-09-02,P00100,2,Cod,Delivered,250.52,September,2022.0,,0.01,62.63,0.11,248.01
O000443,C00220,2020-05-19,P00096,2,PayPal,Cancelled,363.4,May,2020.0,North America,0.02,90.85,0.36,356.13
O000857,C00145,2021-05-05,P00090,3,PayPal,Shipped,902.52,May,2021.0,Asia-Pacific,0.12,225.63,0.94,794.22
O000194,C00104,2023-06-05,P00016,4,Wire Transfer,Shipped,1726.52,June,2023.0,South America,0.04,431.63,0.66,1657.46
O000878,C00031,2020-11-03,P00050,2,Credit Card,In Transit,202.88,November,2020.0,Europe,0.17,50.72,0.19,168.39
O000287,C00128,2025-02-16,P00016,4,PayPal,Delivered,1726.52,February,2025.0,Asia-Pacific,0.21,431.63,-0.06,1363.95
O000067,C00063,2025-01-24,P00117,5,Wire Transfer,In Transit,1236.15,January,2025.0,Asia-Pacific,0.24,309.04,-0.56,939.47
O000454,C00188,2023-03-14,P00055,2,Wire Transfer,Shipped,84158.0,March,2023.0,Asia-Pacific,0.06,21039.5,0.01,79108.52
O000840,C00153,2021-03-02,P00068,2,Wire Transfer,Pending,415.4,March,2021.0,Asia-Pacific,0.05,103.85,0.22,394.63
O000072,C00227,2021-02-27,P00009,1,PayPal,Returned,372.6,February,2021.0,Europe,0.03,93.15,-0.09,361.42
O000430,C00241,2023-06-23,P00007,3,Wire Transfer,Returned,1106.88,June,2023.0,Asia-Pacific,0.19,276.72,0.25,896.57
O000413,C00221,2019-01-13,P00059,5,Cod,Returned,910.8,January,2019.0,Asia-Pacific,0.21,227.7,0.33,719.53
O000083,C00082,2025-01-24,P00095,4,PayPal,Returned,1113.44,January,2025.0,Europe,0.01,278.36,0.21,1102.31
O000819,C00077,2024-05-03,P00036,4,Credit Card,Delivered,847.0,May,2024.0,Europe,0.28,211.75,0.04,609.84
O000367,C00157,2021-09-17,P00102,5,PayPal,Returned,1583.0,September,2021.0,Europe,0.02,395.75,0.37,1551.34
O000747,C00159,2021-10-29,P00011,5,Cod,Returned,909.85,October,2021.0,North America,0.16,227.46,0.48,764.27
O000016,C00071,2019-06-30,P00065,3,PayPal,In Transit,868.74,June,2019.0,Europe,0.21,217.18,-0.14,686.3
O000825,C00224,2023-01-20,P00104,1,Credit Card,Returned,353.68,January,2023.0,South America,0.26,88.42,0.86,261.72
O000762,C00071,2025-03-21,P00114,2,PayPal,Delivered,888.78,March,2025.0,Europe,0.21,222.2,0.26,702.14
O000547,C00100,2024-03-04,P00103,1,Credit Card,Returned,92.69,March,2024.0,Europe,0.24,23.17,0.31,70.44
O000519,C00042,2019-11-01,P00059,3,Cod,Shipped,546.48,November,2019.0,Asia-Pacific,0.1,136.62,0.58,491.83
O000407,C00077,2022-12-12,P00010,1,Wire Transfer,Returned,446.45,December,2022.0,Europe,0.24,111.61,0.39,339.3
O000452,C00005,2020-03-11,P00114,3,PayPal,Cancelled,1333.17,March,2020.0,Asia-Pacific,0.02,333.29,0.68,1306.51
O000256,C00063,2023-04-01,P00014,3,PayPal,Cancelled,1318.17,April,2023.0,Asia-Pacific,0.27,329.54,0.41,962.26
O000636,C00220,2019-09-02,P00013,1,Wire Transfer,Returned,402.54,September,2019.0,North America,0.16,100.64,0.06,338.13
O000834,C00124,2022-06-26,P00095,1,Credit Card,Delivered,278.36,June,2022.0,Asia-Pacific,0.25,69.59,0.44,208.77
O000136,C00257,2023-10-26,P00101,1,Credit Card,Cancelled,170.61,October,2023.0,South America,0.14,42.65,-0.16,146.72
O000491,C00177,2019-07-03,P00118,1,Credit Card,Delivered,397.8,July,2019.0,Asia-Pacific,0.19,99.45,0.34,322.22
O000726,C00216,2025-10-20,P00080,4,Credit Card,Shipped,179180.0,October,2025.0,Europe,0.16,44795.0,0.29,150511.2
O000417,C00041,2021-07-24,P00048,2,Credit Card,Shipped,777.38,July,2021.0,Asia-Pacific,0.22,194.34,0.22,606.36
O000030,C00105,2024-06-28,P00108,3,Credit Card,Returned,400.71,June,2024.0,Europe,0.02,100.18,0.25,392.7
O000182,C00201,2021-09-24,P00052,3,Cod,Returned,191.85,September,2021.0,Europe,0.02,47.96,-0.45,188.01
O000228,C00292,2019-08-04,P00069,4,PayPal,Returned,466.8,August,2019.0,Asia-Pacific,0.07,116.7,0.08,434.12
O000405,C00181,2022-02-12,P00001,5,PayPal,Shipped,860.2,February,2022.0,Asia-Pacific,0.05,215.05,0.34,817.19
O000365,C00127,2022-01-01,P00061,4,PayPal,Cancelled,496.37,January,2022.0,Europe,0.26,124.09,0.36,367.31
O000460,C00227,2020-02-18,P00054,5,Credit Card,In Transit,1101.39,February,2020.0,Europe,0.07,275.35,-0.11,1024.29
O000105,C00260,2024-03-10,P00097,1,PayPal,Pending,336.34,March,2024.0,Europe,0.29,84.08,0.81,238.8
O000269,C00240,2020-09-29,P00120,4,Cod,In Transit,534.4,September,2020.0,South America,0.1,133.6,-0.05,480.96
O000776,,2020-10-12,P00049,2,Credit Card,In Transit,151.9,October,2020.0,,0.05,37.98,0.69,144.3
O000615,C00104,2020-06-15,P00067,3,Credit Card,Cancelled,661.44,June,2020.0,South America,0.24,165.36,0.47,502.69
O000242,C00160,2020-06-11,P00003,1,Credit Card,Returned,231.42,June,2020.0,North America,0.2,57.86,0.04,185.14
O000431,C00150,2022-08-13,P00084,2,Wire Transfer,Delivered,1182.58,August,2022.0,Europe,0.15,295.64,1.0,1005.19
O000751,C00043,2021-03-08,P00059,2,PayPal,Pending,364.32,March,2021.0,Asia-Pacific,0.17,91.08,-0.18,302.39
O000204,C00147,2024-06-15,P00108,4,Credit Card,Cancelled,534.28,June,2024.0,Asia-Pacific,0.22,133.57,0.67,416.74
O000097,C00176,2019-09-04,P00120,5,Wire Transfer,Returned,668.0,September,2019.0,Asia-Pacific,0.07,167.0,0.7,621.24
O000468,,2023-04-03,P00111,5,Cod,Pending,1469.05,April,2023.0,,0.3,367.26,0.03,1028.33
O000672,C00186,2025-02-16,P00087,5,Wire Transfer,Pending,420.2,February,2025.0,Europe,0.29,105.05,0.86,298.34
O000493,C00040,2022-08-30,P00042,4,PayPal,In Transit,695.12,August,2022.0,Asia-Pacific,0.2,173.78,0.2,556.1
O000167,C00188,2024-03-06,P00077,2,Cod,Pending,543.45,March,2024.0,Asia-Pacific,0.06,135.86,0.42,510.84
O000627,C00280,2024-03-15,P00043,1,Cod,Returned,20092.0,March,2024.0,South America,0.2,5023.0,0.4,16073.6
O000749,C00196,2023-07-26,P00041,5,Wire Transfer,Pending,152300.0,July,2023.0,Europe,0.02,38075.0,0.25,149254.0
O000316,C00222,2022-09-27,P00111,2,Cod,Returned,587.62,September,2022.0,North America,0.01,146.9,0.62,581.74
O000362,C00275,2023-08-12,P00106,5,Credit Card,Shipped,11.35,August,2023.0,Asia-Pacific,0.08,2.84,0.62,10.44
O000139,C00196,2024-08-04,P00060,3,Credit Card,Delivered,592.29,August,2024.0,Europe,0.14,148.07,-0.4,509.37
O000277,,2021-12-15,P00050,4,PayPal,Delivered,405.76,December,2021.0,,0.26,101.44,0.82,300.26
O000385,C00028,2020-11-16,P00010,3,Credit Card,Returned,1339.35,November,2020.0,Europe,0.22,334.84,-0.36,1044.69
O000720,C00054,2020-05-26,P00064,2,Credit Card,In Transit,438.62,May,2020.0,Asia-Pacific,0.22,109.66,0.71,342.12
O000089,C00164,2020-02-11,P00049,2,Wire Transfer,Shipped,151.9,February,2020.0,Asia-Pacific,0.13,37.98,0.75,132.15
O000722,C00292,2020-02-27,P00117,5,Wire Transfer,Cancelled,1236.15,February,2020.0,Asia-Pacific,0.1,309.04,-0.14,1112.54
O000281,C00293,2023-10-16,P00033,3,Wire Transfer,Returned,681.24,October,2023.0,North America,0.11,170.31,0.14,606.3
O000461,C00056,2023-01-05,P00002,3,Credit Card,Cancelled,1308.12,January,2023.0,North America,0.3,327.03,-0.14,915.68
O000566,C00155,2025-04-11,P00106,2,Cod,In Transit,4.54,April,2025.0,Asia-Pacific,0.01,1.14,0.21,4.49
O000897,C00080,2025-07-18,P00095,4,PayPal,Shipped,1113.44,July,2025.0,Europe,0.26,278.36,0.18,823.95
O000630,C00098,2025-09-29,P00029,5,Credit Card,Cancelled,817.25,September,2025.0,Asia-Pacific,0.17,204.31,0.61,678.32
O000203,C00037,2023-09-04,P00063,2,PayPal,In Transit,242.52,September,2023.0,Asia-Pacific,0.13,60.63,0.82,210.99
O000403,C00290,2025-08-15,P00012,3,Wire Transfer,Delivered,403.62,August,2025.0,Asia-Pacific,0.22,100.9,0.86,314.82
O000341,C00003,2020-07-29,P00081,4,Credit Card,In Transit,1039.4,July,2020.0,Asia-Pacific,0.15,259.85,0.08,883.49
O000366,C00228,2020-09-20,P00042,5,PayPal,In Transit,868.9,September,2020.0,Asia-Pacific,0.26,217.22,0.22,642.99
O000024,C00134,2020-03-10,P00073,1,Cod,Delivered,302.48,March,2020.0,Asia-Pacific,0.27,75.62,-0.37,220.81
O000346,,2024-03-19,P00083,1,Cod,Returned,251.11,March,2024.0,,0.13,62.78,-0.02,218.47
O000844,C00165,2021-12-05,P00054,1,PayPal,Returned,166.71,December,2021.0,Asia-Pacific,0.08,41.68,0.69,153.37
O000335,C00019,2020-10-22,P00045,1,PayPal,Cancelled,111.51,October,2020.0,North America,0.18,27.88,0.95,91.44
O000311,C00001,2019-12-14,P00088,2,Cod,In Transit,314.24,December,2019.0,Europe,0.27,78.56,-0.19,229.4
O000818,C00164,2023-11-09,P00120,1,PayPal,Shipped,133.6,November,2023.0,Asia-Pacific,0.06,33.4,0.06,125.58
O000354,C00207,2025-06-27,P00100,3,Credit Card,Delivered,375.78,June,2025.0,Europe,0.19,93.94,0.29,304.38
O000862,C00155,2025-08-26,P00105,1,PayPal,Cancelled,270.63,August,2025.0,Asia-Pacific,0.19,67.66,0.41,219.21
O000241,C00072,2020-05-23,P00058,1,PayPal,Delivered,255.4,May,2020.0,Europe,0.22,63.85,-0.02,199.21
O000319,C00245,2022-12-01,P00062,2,Wire Transfer,Delivered,414.12,December,2022.0,Asia-Pacific,0.04,103.53,0.47,397.56
O000833,C00202,2024-10-25,P00022,4,Cod,Pending,878.16,October,2024.0,North America,0.21,219.54,0.11,693.75
O000263,C00006,2024-11-14,P00084,3,PayPal,In Transit,1773.87,November,2024.0,Europe,0.27,443.47,0.29,1294.93
O000099,C00082,2020-05-18,P00069,3,Cod,Cancelled,350.1,May,2020.0,Europe,0.05,87.52,0.52,332.6
O000677,C00216,2025-04-05,P00026,5,Credit Card,Delivered,1172.7,April,2025.0,Europe,0.07,293.18,0.3,1090.61
O000813,C00144,2021-12-28,P00061,1,PayPal,In Transit,105.81,December,2021.0,North America,0.29,26.45,0.13,75.13
O000788,C00075,2025-05-29,P00110,5,Cod,Delivered,360.15,May,2025.0,Europe,0.05,90.04,0.26,342.14
O000090,C00058,2020-11-24,P00084,2,Credit Card,Pending,1182.58,November,2020.0,Asia-Pacific,0.26,295.64,0.26,875.11
O000516,C00098,2022-02-28,P00012,4,Credit Card,Delivered,538.16,February,2022.0,Asia-Pacific,0.15,134.54,0.15,457.44
O000332,C00248,,P00026,3,Wire Transfer,Returned,703.62,,,Asia-Pacific,0.07,175.9,0.2,654.37
O000621,C00281,2020-09-30,P00042,3,Credit Card,Returned,521.34,September,2020.0,North America,0.26,130.34,0.94,385.79
O000434,C00076,2023-09-19,P00012,5,Credit Card,Returned,672.7,September,2023.0,Asia-Pacific,0.13,168.18,0.52,585.25
O000866,C00067,2019-01-01,P00110,5,PayPal,Shipped,360.15,January,2019.0,North America,0.15,90.04,0.18,306.13
O000880,C00296,2020-04-03,P00008,5,Credit Card,Pending,699.8,April,2020.0,Asia-Pacific,0.11,174.95,0.58,622.82
O000487,C00208,2025-03-29,P00013,1,Wire Transfer,In Transit,402.54,March,2025.0,Asia-Pacific,0.18,100.64,0.17,330.08
O000895,C00206,2020-10-28,P00045,4,Credit Card,Delivered,446.04,October,2020.0,North America,0.05,111.51,0.77,423.74
O000760,C00172,2022-04-08,P00110,5,Credit Card,Delivered,360.15,April,2022.0,Asia-Pacific,0.12,90.04,0.45,316.93
O000684,C00186,2022-07-15,P00035,2,Wire Transfer,Delivered,499.16,July,2022.0,Europe,0.29,124.79,0.26,354.4
O000261,C00154,2024-12-20,P00071,5,PayPal,Pending,821.85,December,2024.0,North America,0.08,205.46,0.48,756.1
O000306,C00209,2020-07-24,P00108,4,PayPal,Returned,534.28,July,2020.0,Europe,0.2,133.57,-0.33,427.42
O000197,C00032,2024-05-10,P00017,1,PayPal,Delivered,-160.12,May,2024.0,Asia-Pacific,0.1,-40.03,-0.15,-144.11
O000141,C00092,2021-08-18,P00010,4,Credit Card,Delivered,1785.8,August,2021.0,Asia-Pacific,0.23,446.45,-0.18,1375.07
O000123,C00199,2021-09-22,P00046,2,Wire Transfer,Returned,402.76,September,2021.0,Europe,0.04,100.69,0.36,386.65
O000495,C00107,2022-07-06,P00091,5,Credit Card,In Transit,1665.85,July,2022.0,North America,0.29,416.46,0.99,1182.75
O000111,C00101,2022-08-16,P00096,3,Credit Card,Delivered,545.1,August,2022.0,North America,0.14,136.28,1.0,468.79
O000085,C00209,2025-01-28,P00036,5,Credit Card,Cancelled,1058.75,January,2025.0,Europe,0.07,264.69,0.56,984.64
O000711,C00291,2024-12-13,P00011,3,Credit Card,Cancelled,545.91,December,2024.0,South America,0.02,136.48,0.5,534.99
O000514,C00006,2021-11-28,P00061,2,PayPal,Returned,211.62,November,2021.0,Europe,0.05,52.9,-0.42,201.04
O000483,C00069,2024-10-26,P00005,4,PayPal,Cancelled,1312.52,October,2024.0,North America,0.16,328.13,0.08,1102.52
O000771,C00157,2019-03-05,P00077,1,Wire Transfer,Pending,523.4,March,2019.0,Europe,0.1,130.85,-0.02,471.06
O000075,C00272,2024-06-28,P00047,2,PayPal,Delivered,408.24,June,2024.0,Europe,0.25,102.06,0.05,306.18
O000865,C00233,2021-10-14,P00038,1,Credit Card,Pending,124.35,October,2021.0,Asia-Pacific,0.13,31.09,0.23,108.18
O000668,C00043,2024-05-18,P00103,1,PayPal,Returned,92.69,May,2024.0,Asia-Pacific,0.07,23.17,0.11,86.2
O000274,C00153,2020-03-25,P00094,2,PayPal,In Transit,209.08,March,2020.0,Asia-Pacific,0.19,52.27,-0.49,169.35
O000397,C00131,2025-01-10,P00032,1,Wire Transfer,Pending,396.06,January,2025.0,Asia-Pacific,0.21,99.02,0.6,312.89
O000155,C00206,2022-06-01,P00077,5,PayPal,Pending,2617.0,June,2022.0,North America,0.05,654.25,-0.13,2486.15
O000192,C00111,2023-04-08,P00066,4,Credit Card,Delivered,1053.88,April,2023.0,Asia-Pacific,0.05,263.47,0.4,1001.19
O000832,C00124,2019-09-02,P00072,3,PayPal,Delivered,1163.97,September,2019.0,Asia-Pacific,0.01,290.99,1.0,1152.33
O000188,C00230,2024-03-28,P00007,2,Cod,Delivered,737.92,March,2024.0,Europe,0.22,184.48,-0.07,575.58
O000051,C00104,2024-07-15,P00016,1,Credit Card,In Transit,431.63,July,2024.0,South America,0.2,107.91,-0.71,345.3
O000039,C00093,2023-07-18,P00112,5,PayPal,Delivered,1592.1,July,2023.0,Asia-Pacific,0.14,398.02,0.19,1369.21
O000419,C00078,2022-12-15,P00098,5,PayPal,Delivered,944.2,December,2022.0,Asia-Pacific,0.25,236.05,0.74,708.15
O000798,C00281,2020-06-18,P00017,5,Credit Card,Pending,-800.6,June,2020.0,North America,0.24,-200.15,1.0,-608.46
O000209,,2022-10-10,P00007,3,PayPal,In Transit,1106.88,October,2022.0,,0.18,276.72,-0.19,907.64
O000376,C00174,2019-10-29,P00057,2,PayPal,Returned,276.34,October,2019.0,Europe,0.26,69.08,0.5,204.49
O000464,C00217,2022-09-12,P00032,1,PayPal,Delivered,396.06,September,2022.0,North America,0.06,99.02,0.11,372.3
O000471,C00148,2025-01-05,P00057,1,PayPal,Cancelled,138.17,January,2025.0,Asia-Pacific,0.03,34.54,0.26,134.02
O000518,C00091,2020-07-14,P00050,1,Wire Transfer,Shipped,101.44,July,2020.0,Europe,0.08,25.36,1.0,93.32
O000076,C00078,2024-10-03,P00094,2,Cod,Delivered,187.33,October,2024.0,Asia-Pacific,0.02,46.83,-0.3,183.58
O000249,C00064,2021-02-28,P00077,5,Credit Card,Delivered,2617.0,February,2021.0,Asia-Pacific,0.16,654.25,0.4,2198.28
O000560,C00170,2021-08-07,P00040,5,PayPal,Delivered,2828.1,August,2021.0,North America,0.28,707.02,0.49,2036.23
O000303,C00014,2024-11-27,P00030,1,Credit Card,Shipped,57.37,November,2024.0,Europe,0.01,14.34,0.73,56.8
O000583,C00084,2022-01-06,P00018,3,PayPal,Delivered,659.88,January,2022.0,Asia-Pacific,0.04,164.97,0.34,633.48
O000676,C00156,2022-09-01,P00035,5,Wire Transfer,Shipped,1247.9,September,2022.0,Asia-Pacific,0.14,311.98,0.42,1073.19
O000861,C00017,2023-05-07,P00003,2,PayPal,Returned,462.84,May,2023.0,Asia-Pacific,0.28,115.71,0.14,333.24
O000012,C00062,2023-06-17,P00047,4,PayPal,Returned,816.48,June,2023.0,Asia-Pacific,0.09,204.12,0.41,743.0
O000486,C00057,2021-12-19,P00086,1,Cod,Pending,270.43,December,2021.0,South America,0.15,67.61,0.16,229.87
O000463,C00034,2019-05-03,P00081,2,Wire Transfer,Pending,519.7,May,2019.0,South America,0.01,129.93,0.55,514.5
O000883,C00081,2024-02-02,P00085,2,PayPal,Pending,386.26,February,2024.0,Asia-Pacific,0.04,96.56,0.15,370.81
O000282,C00296,2022-08-03,P00017,1,Credit Card,In Transit,-160.12,August,2022.0,Asia-Pacific,0.3,-40.03,0.45,-112.08
O000254,C00211,2022-01-15,P00018,2,Wire Transfer,Returned,439.92,January,2022.0,North America,0.29,109.98,0.29,312.34
O000889,C00180,2024-04-23,P00069,5,Credit Card,Returned,583.5,April,2024.0,South America,0.0,145.88,0.75,583.5
O000670,C00159,2023-02-22,P00058,4,PayPal,Shipped,1078.52,February,2023.0,North America,0.29,269.63,0.28,765.75
O000830,C00275,2024-04-18,P00019,1,Cod,Returned,314.11,April,2024.0,Asia-Pacific,0.19,78.53,-0.41,254.43
O000578,C00083,2019-11-29,P00112,3,PayPal,Cancelled,955.26,November,2019.0,Europe,0.26,238.82,0.8,706.89
O000220,C00194,2025-04-20,P00081,2,PayPal,Returned,519.7,April,2025.0,Asia-Pacific,0.14,129.93,-0.06,446.94
O000426,C00221,,P00001,1,PayPal,Returned,172.04,,,Asia-Pacific,0.15,43.01,0.04,146.23
O000370,C00189,2025-03-14,P00086,1,Credit Card,Pending,270.43,March,2025.0,Europe,0.15,67.61,0.06,229.87
O000633,C00225,2024-08-10,P00012,3,PayPal,Cancelled,403.62,August,2024.0,Europe,0.2,100.9,0.85,322.9
O000070,C00112,2022-05-05,P00010,3,PayPal,Cancelled,1339.35,May,2022.0,Asia-Pacific,0.04,334.84,-0.55,1285.78
O000887,C00165,2025-09-13,P00069,2,Wire Transfer,Returned,233.4,September,2025.0,Asia-Pacific,0.01,58.35,1.0,231.07
O000581,C00179,2022-11-29,P00088,2,Credit Card,Returned,314.24,November,2022.0,Asia-Pacific,0.09,78.56,0.72,285.96
O000022,C00072,2025-07-18,P00031,5,PayPal,Returned,1611.7,July,2025.0,Europe,0.21,402.92,0.39,1273.24
O000078,C00018,2023-03-02,P00097,3,Cod,Pending,1009.02,March,2023.0,South America,0.06,252.26,0.28,948.48
O000548,C00247,2019-02-25,P00094,2,PayPal,Delivered,209.08,February,2019.0,Asia-Pacific,0.2,52.27,0.41,167.26
O000898,C00126,2025-10-14,P00094,3,PayPal,Returned,371.52,October,2025.0,North America,0.29,92.88,0.51,263.78
O000856,C00082,2024-09-20,P00029,4,Credit Card,Shipped,653.8,September,2024.0,Europe,0.03,163.45,0.56,634.19
O000126,C00142,2019-08-12,P00096,2,PayPal,Cancelled,363.4,August,2019.0,Asia-Pacific,0.2,90.85,0.52,290.72
O000229,C00124,2025-02-22,P00029,4,Wire Transfer,Returned,653.8,February,2025.0,Asia-Pacific,0.13,163.45,0.34,568.81
O000043,C00018,2023-12-29,P00034,4,Credit Card,Cancelled,1059.88,December,2023.0,South America,0.26,264.97,0.22,784.31
O000517,C00070,2020-03-24,P00023,1,Cod,Returned,22334.0,March,2020.0,Europe,0.05,5583.5,0.24,21217.3
O000573,C00257,2020-11-24,P00076,3,Credit Card,Pending,667.26,November,2020.0,South America,0.21,166.82,0.22,527.14
O000577,C00164,2019-12-20,P00046,1,PayPal,Pending,201.38,December,2019.0,Asia-Pacific,0.25,50.34,0.75,151.04
O000797,C00039,2025-04-26,P00107,5,PayPal,Delivered,553.1,April,2025.0,Europe,0.28,138.28,0.54,398.23
O000622,C00174,2022-03-08,P00052,2,Cod,Delivered,127.9,March,2022.0,Europe,0.2,31.98,-0.88,102.32
O000375,C00151,2019-11-13,P00026,2,Cod,Shipped,469.08,November,2019.0,Asia-Pacific,0.15,117.27,0.56,398.72
O000206,C00176,2022-04-15,P00078,1,Wire Transfer,Pending,155.39,April,2022.0,Asia-Pacific,0.19,38.85,0.38,125.87
O000877,C00286,2025-10-02,P00026,3,PayPal,Delivered,703.62,October,2025.0,Europe,0.26,175.9,0.29,520.68
O000494,C00102,2019-05-08,P00099,2,Credit Card,Pending,93.48,May,2019.0,Asia-Pacific,0.17,23.37,0.14,77.59
O000652,C00028,2020-06-26,P00083,2,PayPal,Delivered,502.22,June,2020.0,Europe,0.01,125.56,0.75,497.2
O000853,,2020-04-17,P00109,2,PayPal,Pending,571.88,April,2020.0,,0.28,142.97,0.68,411.75
O000700,C00157,2020-05-30,P00108,2,PayPal,Shipped,267.14,May,2020.0,Europe,0.21,66.78,-0.01,211.04
O000674,C00281,2024-03-02,P00082,3,Wire Transfer,Pending,862.62,March,2024.0,North America,0.2,215.66,0.46,690.1
O000260,C00011,2019-02-13,P00091,5,PayPal,Delivered,1665.85,February,2019.0,Asia-Pacific,0.06,416.46,-0.09,1565.9
O000283,C00047,2025-10-20,P00093,4,Wire Transfer,In Transit,1095.08,October,2025.0,Europe,0.2,273.77,-0.25,876.06
O000635,C00037,2021-12-01,P99999,5,PayPal,Pending,,December,2021.0,Asia-Pacific,0.12,0.0,0.05,
O000591,C00090,2022-06-20,P00026,3,Cod,Returned,703.62,June,2022.0,Asia-Pacific,0.2,175.9,0.64,562.9
O000804,C00089,2023-04-10,P00008,1,Credit Card,In Transit,139.96,April,2023.0,Europe,0.03,34.99,0.68,135.76
O000881,C00265,2020-11-05,P00114,3,Cod,Shipped,1333.17,November,2020.0,Asia-Pacific,0.2,333.29,0.51,1066.54
O000456,C00043,2024-12-04,P00102,5,Credit Card,Shipped,1583.0,December,2024.0,Asia-Pacific,0.3,395.75,0.59,1108.1
O000321,C00040,2019-04-18,P00080,1,PayPal,Shipped,44795.0,April,2019.0,Asia-Pacific,0.01,11198.75,0.51,44347.05
O000435,C00126,2022-05-23,P00106,3,PayPal,Returned,6.81,May,2022.0,North America,0.29,1.7,0.04,4.84
O000300,C00123,2023-11-13,P00059,1,Cod,Delivered,182.16,November,2023.0,Europe,0.12,45.54,0.47,160.3
O000437,C00233,2020-03-14,P00048,3,Credit Card,Delivered,1166.07,March,2020.0,Asia-Pacific,0.26,291.52,0.62,862.89
O000740,C00203,2024-06-02,P00096,5,Credit Card,Cancelled,908.5,June,2024.0,Asia-Pacific,0.23,227.12,0.6,699.54
O000439,C00087,2024-07-21,P00034,2,Wire Transfer,Returned,529.94,July,2024.0,Europe,0.17,132.49,0.78,439.85
O000326,C00167,2021-07-20,P00024,1,Credit Card,Returned,19.78,July,2021.0,Asia-Pacific,0.22,4.94,0.58,15.43
O000404,C00156,2020-06-16,P00004,4,Credit Card,Cancelled,1904.52,June,2020.0,Asia-Pacific,0.26,476.13,0.44,1409.34
O000266,C00135,2024-10-12,P00073,4,Credit Card,Delivered,1209.92,October,2024.0,Asia-Pacific,0.12,302.48,0.73,1064.73
O000565,C00008,2023-11-19,P00083,3,Cod,In Transit,753.33,November,2023.0,Europe,0.1,188.33,0.29,678.0
O000603,C00007,2023-03-08,P00027,5,Wire Transfer,Shipped,500.25,March,2023.0,Europe,0.2,125.06,-0.05,400.2
O000743,C00147,2021-10-08,P00103,1,Credit Card,Delivered,92.69,October,2021.0,Asia-Pacific,0.24,23.17,0.23,70.44
O000279,C00162,2019-06-07,P00020,2,Cod,Pending,380.64,June,2019.0,North America,0.23,95.16,0.0,293.09
O000656,C00058,2022-01-13,P00101,5,Cod,Returned,853.05,January,2022.0,Asia-Pacific,0.24,213.26,0.03,648.32
O000693,C00019,2025-09-08,P00062,3,Wire Transfer,Returned,621.18,September,2025.0,North America,0.13,155.29,0.24,540.43
O000554,C00030,2022-07-01,P00120,1,Credit Card,Delivered,133.6,July,2022.0,North America,0.25,33.4,-0.02,100.2
O000686,C00045,2019-07-21,P00080,2,Cod,Shipped,89590.0,July,2019.0,North America,0.04,22397.5,0.18,86006.4
O000809,C00176,2021-09-05,P00025,4,Wire Transfer,Pending,1614.36,September,2021.0,Asia-Pacific,0.16,403.59,-0.46,1356.06
O000232,C00003,2024-05-30,P00069,2,PayPal,Cancelled,233.4,May,2024.0,Asia-Pacific,0.0,58.35,0.39,233.4
O000246,C00170,2019-05-31,P00022,2,PayPal,Cancelled,439.08,May,2019.0,North America,0.1,109.77,0.3,395.17
O000168,C00186,2024-03-16,P00114,5,PayPal,Cancelled,2221.95,March,2024.0,Europe,0.11,555.49,-0.03,1977.54
O000503,C00233,2022-07-09,P00095,5,PayPal,Delivered,1391.8,July,2022.0,Asia-Pacific,0.12,347.95,0.56,1224.78
O000333,C00248,2023-05-20,P00052,1,Wire Transfer,Returned,63.95,May,2023.0,Asia-Pacific,0.21,15.99,0.68,50.52
O000735,C00017,2025-07-11,P00036,5,Wire Transfer,Delivered,1058.75,July,2025.0,Asia-Pacific,0.12,264.69,-0.34,931.7
O000427,C00112,2024-06-23,P00025,1,Credit Card,Returned,403.59,June,2024.0,Asia-Pacific,0.13,100.9,-0.01,351.12
O000542,C00237,2021-08-08,P00019,1,PayPal,Returned,314.11,August,2021.0,Asia-Pacific,0.07,78.53,-0.01,292.12
O000163,C00068,2023-11-05,P00083,2,PayPal,Shipped,502.22,November,2023.0,South America,0.11,125.56,-0.08,446.98
O000150,C00210,2024-04-03,P00052,1,Wire Transfer,Cancelled,63.95,April,2024.0,South America,0.07,15.99,0.63,59.47
O000227,C00133,2022-04-08,P00074,3,PayPal,Cancelled,406.47,April,2022.0,Asia-Pacific,0.02,101.62,0.22,398.34
O000095,C00167,2020-08-06,P00012,2,Credit Card,Returned,269.08,August,2020.0,Asia-Pacific,0.18,67.27,0.19,220.65
O000222,C00243,2022-07-07,P00096,1,Wire Transfer,Pending,181.7,July,2022.0,North America,0.2,45.42,-0.5,145.36
O000598,C00169,2024-08-09,P00113,4,Credit Card,In Transit,868.36,August,2024.0,North America,0.19,217.09,0.55,703.37
O000474,C00297,2023-01-02,P00074,4,PayPal,Returned,541.96,January,2023.0,Asia-Pacific,0.14,135.49,-0.2,466.09
O000884,C00156,2020-03-17,P00021,3,PayPal,Returned,278.1,March,2020.0,Asia-Pacific,0.11,69.53,0.32,247.51
O000602,C00165,2023-07-04,P00072,4,Wire Transfer,Shipped,1551.96,July,2023.0,Asia-Pacific,0.26,387.99,0.41,1148.45
O000795,C00202,2020-03-21,P00011,5,Cod,Pending,909.85,March,2020.0,North America,0.16,227.46,0.84,764.27
O000035,C00051,2021-11-03,P00032,5,Credit Card,Shipped,1980.3,November,2021.0,North America,0.14,495.08,-0.22,1703.06
O000218,C00049,2024-05-04,P00114,2,Credit Card,Delivered,888.78,May,2024.0,Asia-Pacific,0.01,222.2,-0.91,879.89
O000073,C00187,2019-09-12,P00026,2,Cod,Shipped,469.08,September,2019.0,Europe,0.1,117.27,0.37,422.17
O000221,C00091,2020-01-01,P00049,2,PayPal,Shipped,151.9,January,2020.0,Europe,0.11,37.98,1.0,135.19
O000214,C00075,2020-02-16,P00067,2,PayPal,Delivered,440.96,February,2020.0,Europe,0.12,110.24,0.8,388.04
O000783,C00018,2022-04-10,P00041,2,Wire Transfer,Delivered,57197.12,April,2022.0,South America,0.17,14299.28,0.38,47473.61
O000395,C00218,2022-05-07,P00019,1,Wire Transfer,Shipped,72.08,May,2022.0,Asia-Pacific,0.16,18.02,0.1,60.55
O000872,C00092,2021-12-30,P00021,2,PayPal,Delivered,185.4,December,2021.0,Asia-Pacific,0.18,46.35,0.62,152.03
O000368,C00277,2020-06-11,P00007,2,Cod,In Transit,737.92,June,2020.0,South America,0.23,184.48,-0.09,568.2
O000013,C00008,2019-08-02,P00062,3,Credit Card,Pending,624.0,August,2019.0,Europe,0.24,156.0,0.49,474.24
O000772,C00190,2023-05-17,P00037,4,Credit Card,Delivered,704.4,May,2023.0,South America,0.22,176.1,0.5,549.43
O000344,C00029,,P00069,1,Wire Transfer,Returned,116.7,,,Asia-Pacific,0.29,29.18,0.72,82.86
O000199,C00141,2025-07-28,P00019,2,Cod,Delivered,628.22,July,2025.0,Europe,0.01,157.06,1.0,621.94
O000697,C00228,2021-07-01,P00056,1,Cod,Delivered,478.86,July,2021.0,Asia-Pacific,0.06,119.72,0.46,450.13
O000235,C00119,2023-11-12,P00104,4,PayPal,Pending,1414.72,November,2023.0,Asia-Pacific,0.0,353.68,0.1,1414.72
O000696,C00161,2020-08-14,P00090,4,Credit Card,Delivered,1203.36,August,2020.0,Asia-Pacific,0.19,300.84,0.29,974.72
O000421,C00298,2025-06-23,P00017,3,PayPal,Shipped,-480.36,June,2025.0,North America,0.27,-120.09,-0.41,-350.66
O000756,C00013,2023-03-09,P00071,5,Credit Card,Pending,821.85,March,2023.0,Asia-Pacific,0.07,205.46,0.02,764.32
O000609,C00235,2022-01-30,P00076,5,PayPal,Delivered,1112.1,January,2022.0,Asia-Pacific,0.28,278.02,0.14,800.71
O000716,C00126,2024-05-23,P00014,2,Cod,Delivered,878.78,May,2024.0,North America,0.02,219.7,0.09,861.2
O000298,C00275,2025-07-17,P00058,4,PayPal,Returned,1078.52,July,2025.0,Asia-Pacific,0.28,269.63,0.36,776.53
O000064,C00260,2022-02-19,P00064,2,PayPal,Returned,438.62,February,2022.0,Europe,0.11,109.66,-0.03,390.37
O000608,C00231,2023-06-11,P00058,1,PayPal,Delivered,269.63,June,2023.0,Asia-Pacific,0.03,67.41,0.75,261.54
O000014,C00025,2023-02-28,P00019,1,Credit Card,Delivered,314.11,February,2023.0,South America,0.15,78.53,0.3,266.99
O000436,C00136,2023-07-09,P00094,5,Cod,Pending,522.7,July,2023.0,Asia-Pacific,0.08,130.68,0.3,480.88
O000018,C00264,2024-07-05,P00065,4,Credit Card,Cancelled,1158.32,July,2024.0,Asia-Pacific,0.09,289.58,0.17,1054.07
O000752,C00163,2020-05-04,P00059,4,Credit Card,Returned,728.64,May,2020.0,Asia-Pacific,0.09,182.16,0.36,663.06
O000349,C00095,2023-01-20,P00062,2,Credit Card,Cancelled,414.12,January,2023.0,South America,0.24,103.53,0.63,314.73
O000208,C00065,2019-01-30,P00038,3,Cod,Delivered,373.05,January,2019.0,North America,0.16,93.26,-0.05,313.36
O000091,C00168,2020-08-06,P00065,4,Credit Card,Pending,1158.32,August,2020.0,North America,0.09,289.58,0.04,1054.07
O000308,C00052,2022-04-30,P00118,4,PayPal,Pending,1591.2,April,2022.0,North America,0.18,397.8,0.18,1304.78
O000342,C00294,2020-06-12,P00057,5,Wire Transfer,In Transit,690.85,June,2020.0,Europe,0.21,172.71,-0.24,545.77
O000381,C00103,2025-03-08,P00056,4,Cod,Returned,1915.44,March,2025.0,North America,0.08,478.86,-0.03,1762.2
O000345,C00252,2019-10-26,P00096,1,Wire Transfer,Delivered,181.7,October,2019.0,South America,0.12,45.42,0.11,159.9
O000472,C00207,2020-06-03,P00062,3,Wire Transfer,Cancelled,621.18,June,2020.0,Europe,0.04,155.29,0.65,596.33
O000879,C00124,2025-06-07,P00115,2,PayPal,Returned,186.6,June,2025.0,Asia-Pacific,0.05,46.65,0.41,177.27
O000552,C00215,2023-03-01,P00021,4,PayPal,In Transit,370.8,March,2023.0,Asia-Pacific,0.2,92.7,0.38,296.64
O000599,C00151,2020-09-09,P00007,4,Credit Card,Returned,1475.84,September,2020.0,Asia-Pacific,0.05,368.96,0.64,1402.05
O000694,C00296,2020-12-16,P00037,2,Wire Transfer,Shipped,352.2,December,2020.0,Asia-Pacific,0.16,88.05,0.25,295.85
O000033,C00150,2024-05-10,P00078,3,PayPal,Returned,466.17,May,2024.0,Europe,0.21,116.54,0.46,368.27
O000847,C00243,2019-03-11,P00103,5,Cod,In Transit,463.45,March,2019.0,North America,0.03,115.86,0.26,449.55
O000658,C00017,2021-01-16,P00052,5,Cod,Delivered,319.75,January,2021.0,Asia-Pacific,0.17,79.94,0.41,265.39
O000671,C00222,2020-09-13,P00064,5,PayPal,Shipped,1096.55,September,2020.0,North America,0.08,274.14,0.07,1008.83
O000173,C00061,2021-04-06,P00005,2,PayPal,Shipped,246.47,April,2021.0,Asia-Pacific,0.29,61.62,-0.68,174.99
O000774,C00289,2019-02-11,P00057,3,PayPal,Delivered,414.51,February,2019.0,Asia-Pacific,0.15,103.63,0.25,352.33
O000775,C00165,2023-06-08,P00051,2,PayPal,Cancelled,616.52,June,2023.0,Asia-Pacific,0.24,154.13,0.87,468.56
O000409,C00194,2023-09-27,P00059,2,Credit Card,Returned,364.32,September,2023.0,Asia-Pacific,0.17,91.08,0.67,302.39
O000758,C00109,2020-02-02,P00056,5,Wire Transfer,Delivered,2394.3,February,2020.0,Asia-Pacific,0.01,598.58,0.69,2370.36
O000822,C00148,2023-06-05,P00109,5,Cod,Returned,1429.7,June,2023.0,Asia-Pacific,0.19,357.42,0.79,1158.06
O000201,C00234,2025-06-03,P00004,2,Wire Transfer,Cancelled,952.26,June,2025.0,North America,0.29,238.06,0.34,676.1
O000293,C00105,2024-08-25,P00112,3,PayPal,Returned,955.26,August,2024.0,Europe,0.18,238.82,0.38,783.31
O000584,C00071,2021-02-02,P00117,3,Wire Transfer,Returned,741.69,February,2021.0,Europe,0.25,185.42,0.05,556.27
O000789,C00270,2024-07-02,P00071,4,Cod,Delivered,657.48,July,2024.0,Asia-Pacific,0.27,164.37,0.17,479.96
O000511,C00145,2020-02-01,P00093,1,Credit Card,Returned,273.77,February,2020.0,Asia-Pacific,0.07,68.44,0.55,254.61
O000829,C00257,2020-09-03,P00080,2,PayPal,Delivered,89590.0,September,2020.0,South America,0.06,22397.5,0.78,84214.6
O000768,C00218,2019-04-25,P00058,2,Wire Transfer,Pending,539.26,April,2019.0,Asia-Pacific,0.18,134.82,0.24,442.19
O000802,C00291,2023-08-28,P00109,4,PayPal,Delivered,1143.76,August,2023.0,South America,0.12,285.94,0.12,1006.51
O000882,C00083,2023-06-06,P00018,2,Credit Card,In Transit,439.92,June,2023.0,Europe,0.25,109.98,0.3,329.94
O000869,C00298,2024-05-05,P00008,2,Cod,Returned,279.92,May,2024.0,North America,0.27,69.98,0.54,204.34
O000490,C00012,2021-07-22,P00018,3,Wire Transfer,Pending,659.88,July,2021.0,Asia-Pacific,0.11,164.97,-0.28,587.29
O000799,C00060,,P00078,1,Wire Transfer,Shipped,155.39,,,Asia-Pacific,0.07,38.85,-0.62,144.51
O000794,C00099,2024-03-12,P00083,4,Wire Transfer,Returned,1004.44,March,2024.0,Asia-Pacific,0.23,251.11,0.08,773.42
O000134,C00175,2024-02-12,P00024,2,Credit Card,Returned,39.56,February,2024.0,Asia-Pacific,0.08,9.89,-0.19,36.4
O000061,C00003,2019-02-10,P00014,1,Credit Card,In Transit,439.39,February,2019.0,Asia-Pacific,0.25,109.85,0.1,329.54
O000691,C00209,2023-05-16,P00081,3,PayPal,In Transit,779.55,May,2023.0,Europe,0.13,194.89,0.24,678.21
O000027,C00217,2025-10-02,P00041,2,PayPal,Returned,60920.0,October,2025.0,North America,0.2,15230.0,0.12,48736.0
O000101,C00057,2021-05-12,P00095,1,PayPal,Delivered,278.36,May,2021.0,South America,0.03,69.59,0.88,270.01
O000532,C00031,2019-03-28,P00029,3,Wire Transfer,Shipped,490.35,March,2019.0,Europe,0.19,122.59,0.43,397.18
O000589,C00064,2025-06-23,P99999,5,PayPal,Returned,,June,2025.0,Asia-Pacific,0.14,0.0,0.42,
O000521,C00231,2019-02-02,P00041,2,PayPal,Cancelled,60920.0,February,2019.0,Asia-Pacific,0.18,15230.0,0.55,49954.4
O000364,,2024-04-07,P00108,4,Cod,Returned,367.3,April,2024.0,,0.05,91.82,-0.16,348.94
O000310,C00017,2020-11-25,P00072,3,Wire Transfer,Shipped,1163.97,November,2020.0,Asia-Pacific,0.22,290.99,0.72,907.9
O000605,C00129,2019-07-18,P00102,4,Cod,In Transit,1266.4,July,2019.0,Asia-Pacific,0.26,316.6,0.27,937.14
O000253,C00112,2024-11-26,P00037,4,Credit Card,In Transit,704.4,November,2024.0,Asia-Pacific,0.07,176.1,0.57,655.09
O000545,C00172,2022-10-15,P00034,5,Credit Card,Returned,1324.85,October,2022.0,Asia-Pacific,0.03,331.21,-0.13,1285.1
O000482,C00086,2020-03-23,P00091,3,Credit Card,Delivered,999.51,March,2020.0,North America,0.01,249.88,-0.32,989.51
O000442,C00160,2023-07-16,P00054,2,Credit Card,Returned,333.42,July,2023.0,North America,0.19,83.36,0.63,270.07
O000648,C00114,2019-02-19,P00011,5,PayPal,Cancelled,909.85,February,2019.0,North America,0.18,227.46,0.45,746.08
O000477,C00002,2020-05-17,P00012,2,Credit Card,Cancelled,269.08,May,2020.0,North America,0.16,67.27,-0.06,226.03
O000023,C00032,2024-08-02,P00005,1,Wire Transfer,Shipped,328.13,August,2024.0,Asia-Pacific,0.07,82.03,-0.05,305.16
O000063,C00197,2023-09-14,P00045,5,Wire Transfer,In Transit,557.55,September,2023.0,North America,0.12,139.39,0.75,490.64
O000149,C00105,2020-09-03,P00043,2,Cod,Cancelled,40184.0,September,2020.0,Europe,0.18,10046.0,-0.18,32950.88
O000484,C00228,2022-01-28,P00093,5,Wire Transfer,In Transit,1368.85,January,2022.0,Asia-Pacific,0.15,342.21,0.96,1163.52
O000728,C00250,2023-12-09,P00056,5,Credit Card,Returned,2394.3,December,2023.0,North America,0.3,598.58,-0.06,1676.01
O000820,C00204,2019-09-08,P00050,1,PayPal,Cancelled,101.44,September,2019.0,Asia-Pacific,0.04,25.36,0.56,97.38
O000258,C00201,2021-07-26,P00117,3,Cod,In Transit,741.69,July,2021.0,Europe,0.21,185.42,0.17,585.94
O000053,,2021-07-17,P00099,3,Wire Transfer,In Transit,140.22,July,2021.0,,0.12,35.06,0.54,123.39
O000243,C00158,2020-05-25,P00078,5,PayPal,Returned,776.95,May,2020.0,Asia-Pacific,0.13,194.24,0.08,675.95
O000174,C00262,2021-02-26,P00064,1,PayPal,Delivered,219.31,February,2021.0,Asia-Pacific,0.22,54.83,0.23,171.06
O000036,C00066,2021-01-16,P00037,4,PayPal,Returned,704.4,January,2021.0,Europe,0.21,176.1,0.32,556.48
O000179,C00205,2022-08-21,P00101,2,Wire Transfer,Delivered,341.22,August,2022.0,North America,0.3,85.3,-0.1,238.85
O000680,C00294,,P00087,4,Credit Card,Pending,336.16,,,Europe,0.04,84.04,0.6,322.71
O000739,C00268,2021-07-14,P00017,2,Credit Card,Returned,-320.24,July,2021.0,South America,0.03,-80.06,0.09,-310.63
O000121,C00259,2019-04-17,P00095,2,Credit Card,Shipped,725.47,April,2019.0,Asia-Pacific,0.22,181.37,0.21,565.87
O000276,C00088,2023-10-23,P00078,5,PayPal,Cancelled,776.95,October,2023.0,Europe,0.17,194.24,-0.1,644.87
O000045,C00073,2025-03-20,P00059,4,Cod,Delivered,728.64,March,2025.0,North America,0.08,182.16,-0.72,670.35
O000301,C00225,2025-05-22,P00036,3,Credit Card,Returned,635.25,May,2025.0,Europe,0.02,158.81,0.22,622.54
O000077,C00098,2020-05-01,P00023,1,Wire Transfer,Returned,22334.0,May,2020.0,Asia-Pacific,0.03,5583.5,1.0,21663.98
O000721,C00250,2021-11-12,P00080,5,PayPal,Delivered,223975.0,November,2021.0,North America,0.27,55993.75,0.61,163501.75
O000369,C00150,2020-02-12,P00082,1,PayPal,Returned,287.54,February,2020.0,Europe,0.06,71.89,0.29,270.29
O000213,C00299,2023-12-25,P00084,5,Credit Card,In Transit,2956.45,December,2023.0,Europe,0.1,739.11,0.19,2660.8
O000268,C00260,2023-10-31,P00030,5,PayPal,Returned,286.85,October,2023.0,Europe,0.07,71.71,0.31,266.77
O000312,C00226,2022-05-20,P00119,1,Wire Transfer,Delivered,229.36,May,2022.0,Asia-Pacific,0.11,57.34,0.52,204.13
O000729,C00286,2019-04-16,P00114,3,Credit Card,Returned,1333.17,April,2019.0,Europe,0.02,333.29,-0.17,1306.51
O000445,C00067,2023-04-30,P00019,4,Cod,Delivered,1252.52,April,2023.0,North America,0.16,313.13,0.75,1052.12
O000504,C00020,2021-01-06,P00083,1,Cod,Returned,251.11,January,2021.0,Asia-Pacific,0.02,62.78,0.59,246.09
O000496,C00061,2025-07-14,P00048,4,PayPal,Shipped,1554.76,July,2025.0,Asia-Pacific,0.24,388.69,0.59,1181.62
O000034,C00218,2019-11-10,P00018,5,Cod,Returned,1099.8,November,2019.0,Asia-Pacific,0.07,274.95,0.48,1022.81
O000010,C00211,2021-02-14,P00059,2,Credit Card,Returned,364.32,February,2021.0,North America,0.16,91.08,0.31,306.03
O000689,C00196,,P00049,4,Cod,Returned,303.8,,,Europe,0.26,75.95,0.57,224.81
O000161,,2021-10-08,P00091,4,Cod,Delivered,1332.68,October,2021.0,,0.2,333.17,0.54,1066.14
O000286,C00081,2025-10-01,P00094,2,PayPal,Delivered,209.08,October,2025.0,Asia-Pacific,0.16,52.27,0.16,175.63
O000296,C00131,2019-12-07,P00103,3,PayPal,Delivered,278.07,December,2019.0,Asia-Pacific,0.1,69.52,0.07,250.26
O000617,C00085,2023-05-13,P00118,3,Wire Transfer,In Transit,1193.4,May,2023.0,Europe,0.1,298.35,0.34,1074.06
O000626,C00233,2024-01-15,P00064,4,Wire Transfer,Pending,877.24,January,2024.0,Asia-Pacific,0.2,219.31,0.92,701.79
O000278,C00052,2024-08-19,P00069,5,PayPal,Delivered,583.5,August,2024.0,North America,0.3,145.88,-0.2,408.45
O000823,C00056,2022-11-13,P00064,3,Wire Transfer,Delivered,657.93,November,2022.0,North America,0.2,164.48,-0.29,526.34
O000604,C00226,2023-04-20,P00058,1,Wire Transfer,Returned,269.63,April,2023.0,Asia-Pacific,0.17,67.41,0.37,223.79
O000485,C00019,2022-01-28,P00106,5,Credit Card,Shipped,11.35,January,2022.0,North America,0.22,2.84,0.32,8.85
O000497,C00080,2024-08-24,P00011,4,Credit Card,Shipped,727.88,August,2024.0,Europe,0.14,181.97,0.37,625.98
O000183,C00247,2019-06-05,P00012,4,PayPal,In Transit,538.16,June,2019.0,Asia-Pacific,0.02,134.54,0.4,527.4
O000860,C00189,2020-05-03,P00019,4,Credit Card,Returned,1256.44,May,2020.0,Europe,0.17,314.11,0.21,1042.85
O000685,C00233,2021-06-08,P00082,4,Credit Card,Returned,1622.88,June,2021.0,Asia-Pacific,0.29,405.72,0.9,1152.24
O000745,C00090,2023-11-29,P00112,2,Credit Card,Delivered,636.84,November,2023.0,Asia-Pacific,0.05,159.21,-0.34,605.0
O000037,C00129,2024-01-17,P00052,2,PayPal,Delivered,127.9,January,2024.0,Asia-Pacific,0.21,31.98,-0.03,101.04
O000157,C00016,2024-02-06,P00001,2,Wire Transfer,Returned,344.08,February,2024.0,Europe,0.06,86.02,0.26,323.44
O000003,C00227,2020-06-16,P00070,3,Cod,Delivered,1212.33,June,2020.0,Europe,0.16,303.08,-0.36,1018.36
O000755,C00187,2024-01-25,P00095,1,Credit Card,Pending,278.36,January,2024.0,Europe,0.03,69.59,0.23,270.01
O000509,C00093,2020-07-05,P00069,5,Credit Card,Shipped,583.5,July,2020.0,Asia-Pacific,0.14,145.88,0.96,501.81
O000498,C00027,2019-07-30,P00021,5,Cod,In Transit,463.5,July,2019.0,Europe,0.23,115.88,0.31,356.9
O000309,C00237,2023-10-16,P00082,3,PayPal,Returned,862.62,October,2023.0,Asia-Pacific,0.1,215.66,0.39,776.36
O000290,C00132,2019-07-06,P00045,2,PayPal,Returned,223.02,July,2019.0,Europe,0.2,55.76,-0.2,178.42
O000561,C00074,2019-11-15,P00103,5,Cod,Returned,463.45,November,2019.0,North America,0.24,115.86,0.05,352.22
O000415,C00191,2022-09-30,P00007,1,PayPal,Pending,368.96,September,2022.0,Asia-Pacific,0.28,92.24,0.15,265.65
O000422,C00061,2020-03-18,P00077,5,Cod,Delivered,2617.0,March,2020.0,Asia-Pacific,0.07,654.25,0.17,2433.81
O000142,C00083,2025-03-05,P00066,3,Cod,In Transit,790.41,March,2025.0,Europe,0.12,197.6,0.81,695.56
O000224,,2021-06-28,P00104,4,Wire Transfer,Delivered,1414.72,June,2021.0,,0.05,353.68,0.52,1343.98
O000184,C00257,2019-06-12,P00053,3,Credit Card,Cancelled,95.73,June,2019.0,South America,0.3,23.93,-0.14,67.01
O000848,C00247,2019-04-15,P00018,4,PayPal,In Transit,879.84,April,2019.0,Asia-Pacific,0.28,219.96,0.4,633.48
O000673,C00030,2022-07-09,P00035,4,PayPal,Cancelled,998.32,July,2022.0,North America,0.16,249.58,0.5,838.59
O000512,C00141,2020-12-31,P00065,2,Cod,Returned,579.16,December,2020.0,Europe,0.25,144.79,0.76,434.37
O000732,C00269,2020-12-05,P00068,3,Wire Transfer,Cancelled,623.1,December,2020.0,Asia-Pacific,0.16,155.78,0.93,523.4
O000612,C00286,2020-04-21,P99999,3,Credit Card,Cancelled,,April,2020.0,Europe,0.19,0.0,-0.11,
O000748,C00147,2021-05-31,P00019,3,Wire Transfer,Cancelled,942.33,May,2021.0,Asia-Pacific,0.03,235.58,-0.02,914.06
O000118,C00158,2022-07-07,P00080,2,Credit Card,Delivered,89590.0,July,2022.0,Asia-Pacific,0.23,22397.5,-0.2,68984.3
O000002,C00089,2023-06-30,P00120,5,Credit Card,Shipped,668.0,June,2023.0,Europe,0.04,167.0,0.21,641.28
O000114,C00273,2019-11-01,P99999,3,Wire Transfer,Shipped,,November,2019.0,North America,0.25,0.0,0.49,
O000863,C00295,2024-09-24,P00031,2,Wire Transfer,Cancelled,644.68,September,2024.0,Europe,0.23,161.17,0.69,496.4
O000687,C00111,2025-06-26,P00027,2,Credit Card,Delivered,200.1,June,2025.0,Asia-Pacific,0.21,50.02,0.27,158.08
O000766,C00061,2024-07-01,P00078,5,Cod,Returned,776.95,July,2024.0,Asia-Pacific,0.01,194.24,0.17,769.18
O000166,C00156,2022-08-28,P00005,2,Credit Card,Pending,656.26,August,2022.0,Asia-Pacific,0.09,164.06,0.36,597.2
O000185,C00190,2021-09-19,P00095,2,PayPal,Cancelled,556.72,September,2021.0,South America,0.08,139.18,-0.03,512.18
O000678,C00193,2019-10-27,P00052,3,Cod,Delivered,191.85,October,2019.0,Asia-Pacific,0.11,47.96,1.0,170.75
O000373,C00061,2021-12-02,P00005,2,PayPal,Pending,656.26,December,2021.0,Asia-Pacific,0.03,164.06,-0.34,636.57
O000275,C00270,2022-11-02,P00025,1,Cod,Delivered,403.59,November,2022.0,Asia-Pacific,0.28,100.9,0.37,290.58
O000705,C00277,2024-01-26,P00020,3,Credit Card,Delivered,570.96,January,2024.0,South America,0.17,142.74,1.0,473.9
O000001,C00217,2022-08-31,P00034,1,PayPal,Delivered,264.97,August,2022.0,North America,0.09,66.24,0.3,241.12
O000567,C00165,2023-12-16,P00108,5,Wire Transfer,In Transit,667.85,December,2023.0,Asia-Pacific,0.12,166.96,0.22,587.71
O000541,C00033,2023-06-01,P00059,1,Cod,Cancelled,182.16,June,2023.0,Asia-Pacific,0.13,45.54,0.16,158.48
O000501,C00156,2023-01-23,P00015,4,Cod,Cancelled,741.76,January,2023.0,Asia-Pacific,0.18,185.44,0.23,608.24
O000719,C00165,2020-04-25,P00077,5,Cod,Cancelled,2617.0,April,2020.0,Asia-Pacific,0.15,654.25,0.85,2224.45
O000384,C00289,2022-07-29,P00032,4,PayPal,In Transit,1584.24,July,2022.0,Asia-Pacific,0.28,396.06,-0.58,1140.65
O000406,C00081,2020-03-27,P00039,2,Wire Transfer,Pending,31.84,March,2020.0,Asia-Pacific,0.15,7.96,0.91,27.06
O000562,C00186,2024-08-11,P00054,4,Cod,Returned,666.84,August,2024.0,Europe,0.3,166.71,-0.27,466.79
O000021,C00096,2022-12-02,P00097,2,PayPal,Returned,672.68,December,2022.0,Asia-Pacific,0.26,168.17,0.19,497.78
O000806,C00209,2023-02-24,P00105,3,PayPal,Returned,811.89,February,2023.0,Europe,0.06,202.97,0.13,763.18
O000177,C00153,2024-02-23,P00031,3,PayPal,In Transit,967.02,February,2024.0,Asia-Pacific,0.28,241.76,0.54,696.25
O000336,C00202,2020-10-21,P00005,5,PayPal,In Transit,1640.65,October,2020.0,North America,0.03,410.16,-0.34,1591.43
O000380,C00109,2022-09-03,P00042,2,Wire Transfer,Returned,347.56,September,2022.0,Asia-Pacific,0.25,86.89,0.48,260.67
O000546,C00064,2021-05-06,P00047,5,Cod,In Transit,1020.6,May,2021.0,Asia-Pacific,0.11,255.15,1.0,908.33
O000172,C00065,2020-02-26,P00053,1,Credit Card,Pending,31.91,February,2020.0,North America,0.26,7.98,-0.25,23.61
O000520,C00248,2019-06-07,P00076,5,Wire Transfer,Cancelled,1112.1,June,2019.0,Asia-Pacific,0.26,278.02,0.38,822.95
O000831,C00265,2021-07-21,P00093,4,Cod,Returned,1095.08,July,2021.0,Asia-Pacific,0.24,273.77,0.04,832.26
O000508,C00166,2022-12-24,P00015,4,PayPal,Returned,741.76,December,2022.0,Europe,0.24,185.44,0.47,563.74
O000153,C00174,2019-05-12,P00011,3,Credit Card,Returned,545.91,May,2019.0,Europe,0.09,136.48,0.31,496.78
O000619,C00180,2019-05-13,P00020,1,PayPal,Delivered,190.32,May,2019.0,South America,0.02,47.58,0.04,186.51
O000414,C00009,2022-07-14,P00006,3,Cod,Delivered,408.03,July,2022.0,Europe,0.12,102.01,0.5,359.07
O000610,C00186,2019-06-06,P00060,1,Cod,Shipped,197.43,June,2019.0,Europe,0.05,49.36,1.0,187.56
O000623,C00112,2023-06-09,P00030,5,Wire Transfer,Delivered,286.85,June,2023.0,Asia-Pacific,0.21,71.71,0.22,226.61
O000873,C00170,2025-04-25,P00035,4,PayPal,Pending,998.32,April,2025.0,North America,0.1,249.58,0.59,898.49
O000582,C00051,2023-11-13,P00012,3,PayPal,In Transit,403.62,November,2023.0,North America,0.29,100.9,-0.22,286.57
O000859,C00083,2023-05-10,P00033,5,Wire Transfer,In Transit,1135.4,May,2023.0,Europe,0.19,283.85,-0.08,919.67
O000642,C00272,2022-04-22,P00084,2,PayPal,Returned,1182.58,April,2022.0,Europe,0.25,295.64,0.49,886.94
O000317,C00300,2024-07-10,P00058,4,Credit Card,Returned,1078.52,July,2024.0,Europe,0.04,269.63,0.89,1035.38
O000259,C00230,2021-09-10,P00015,1,Credit Card,Returned,185.44,September,2021.0,Europe,0.26,46.36,0.44,137.23
O000835,C00290,2023-03-10,P00100,3,Credit Card,Delivered,375.78,March,2023.0,Asia-Pacific,0.28,93.94,0.17,270.56
O000663,C00064,2021-12-12,P00082,3,Wire Transfer,Delivered,862.62,December,2021.0,Asia-Pacific,0.15,215.66,0.3,733.23
O000475,C00210,2021-09-27,P00045,5,Credit Card,Shipped,557.55,September,2021.0,South America,0.18,139.39,-0.2,457.19
O000338,,2020-09-16,P00015,1,Credit Card,Delivered,185.44,September,2020.0,,0.23,46.36,0.54,142.79
O000539,C00226,2019-04-06,P00033,1,Wire Transfer,Delivered,227.08,April,2019.0,Asia-Pacific,0.05,56.77,0.65,215.73
O000505,C00161,2020-02-18,P00039,4,Credit Card,Delivered,63.68,February,2020.0,Asia-Pacific,0.15,15.92,0.12,54.13
O000399,C00238,2020-05-06,P00112,5,Cod,Delivered,1592.1,May,2020.0,North America,0.12,398.02,0.11,1401.05
O000424,C00197,2022-11-07,P00069,4,Credit Card,In Transit,466.8,November,2022.0,North America,0.04,116.7,0.41,448.13
O000606,C00236,2023-02-21,P00071,3,Credit Card,Returned,493.11,February,2023.0,Asia-Pacific,0.11,123.28,0.13,438.87
O000661,C00138,2021-05-11,P00073,2,PayPal,Returned,604.96,May,2021.0,North America,0.02,151.24,0.27,592.86
O000481,C00262,2021-12-11,P00073,1,Wire Transfer,Returned,302.48,December,2021.0,Asia-Pacific,0.01,75.62,1.0,299.46
O000423,C00269,2022-09-18,P00105,3,Wire Transfer,Cancelled,811.89,September,2022.0,Asia-Pacific,0.04,202.97,0.2,779.41
O000120,C00046,2025-09-21,P00082,4,Cod,Delivered,1150.16,September,2025.0,Asia-Pacific,0.29,287.54,0.16,816.61
O000651,C00274,2019-06-14,P00037,3,Credit Card,Cancelled,528.3,June,2019.0,Europe,0.16,132.07,0.04,443.77
O000682,C00015,2025-06-10,P00005,5,PayPal,Cancelled,1640.65,June,2025.0,Asia-Pacific,0.29,410.16,0.6,1164.86
O000876,C00201,2022-04-12,P00005,4,PayPal,Returned,1312.52,April,2022.0,Europe,0.13,328.13,0.23,1141.89
O000715,C00023,2022-06-30,P00114,5,Credit Card,Pending,2221.95,June,2022.0,Asia-Pacific,0.09,555.49,0.04,2021.97
O000660,C00010,2021-08-07,P00043,3,Credit Card,Delivered,60276.0,August,2021.0,North America,0.15,15069.0,0.83,51234.6
O000790,C00183,2020-08-14,P00085,4,Wire Transfer,Delivered,772.52,August,2020.0,Asia-Pacific,0.13,193.13,0.87,672.09
O000257,C00296,2024-02-19,P00089,4,Credit Card,Returned,1006.92,February,2024.0,Asia-Pacific,0.03,251.73,0.06,976.71
O000644,C00196,2024-10-17,P00039,2,Wire Transfer,Delivered,31.84,October,2024.0,Europe,0.19,7.96,-0.45,25.79
O000250,C00018,2023-11-12,P00065,2,Credit Card,Returned,579.16,November,2023.0,South America,0.06,144.79,0.7,544.41
O000665,C00014,2023-08-02,P00062,4,Wire Transfer,Pending,828.24,August,2023.0,Europe,0.19,207.06,0.03,670.87
O000875,C00031,2022-08-06,P00014,2,Credit Card,Returned,878.78,August,2022.0,Europe,0.2,219.7,0.62,703.02
